Question,compLower,filename,hasQuestion,newWord1,newWord2,offsetNoun,onsetDet,onsetNoun,part,relatedness,sentID,speaker,totalLen,trigDet,trigOffsetNoun,unrelOppositeGender,waitForDetOffset,waitForEnd,waitForNounOffset,yesOrNo,trialIndex
,,nonNat_334_control,0,boekenwinkels,jaren,5.39,4.902,5.122,experiment,control,334,nonNat,6.538,55,155,,0.22,1.148,0.268,,1
,,nonNat_351_control,0,vrijwilliger,Nederland,1.445,0.246,0.6,experiment,control,351,nonNat,5.252,55,155,,0.354,3.807,0.845,,2
,,Nat_315_control,0,ruimtemissies,jaar,2.069,1.344,1.479,experiment,control,315,Nat,6.144,55,155,,0.135,4.075,0.59,,3
Is Andre de nieuwe coach van het team?,het team,nonNat_10_related,1,,,2.288,1.785,1.991,experiment,related,10,nonNat,3.823,21,219,de groep,0.206,1.535,0.297,1.0,4
,,nonNat_338_control,0,tv,kijken,0.792,0.33,0.445,experiment,control,338,nonNat,4.686,55,155,,0.115,3.894,0.347,,5
,het hart,nonNat_87_unrelated,0,,,7.653,7.026,7.195,experiment,unrelated,87,nonNat,9.385,22,229,de neus,0.169,1.732,0.458,,6
,,Nat_305_control,0,ontbijt,boterham,3.347,2.76,2.896,experiment,control,305,Nat,4.005,55,155,,0.136,0.658,0.451,,7
Was het rustig op de weg naar Zandvoort?,het strand,nonNat_144_related,1,,,5.223,4.677,4.773,experiment,related,144,nonNat,5.935,21,219,de zee,0.096,0.712,0.45,0.0,8
,,nonNat_346_control,0,recht,pech,3.133,2.606,2.743,experiment,control,346,nonNat,5.536,55,155,,0.137,2.403,0.39,,9
,,Nat_307_control,0,collega,raam,1.941,1.561,1.613,experiment,control,307,Nat,5.2,55,155,,0.052,3.259,0.328,,10
,het krijt,Nat_83_unrelated,0,,,4.787,4.195,4.293,experiment,unrelated,83,Nat,6.674,12,129,de schuld,0.098,1.887,0.494,,11
,,nonNat_339_control,0,mensen,verstand,2.66,2.062,2.259,experiment,control,339,nonNat,5.492,55,155,,0.197,2.832,0.401,,12
,,Nat_316_control,0,amateurs,stunt,4.114,3.541,3.686,experiment,control,316,Nat,4.12,55,155,,0.145,0.006,0.428,,13
Is er een muizenplaag in het studentenhuis?,de muizen,Nat_49_unrelated,1,,,2.815,2.226,2.403,experiment,unrelated,49,Nat,3.336,12,129,het knaagdier,0.177,0.521,0.412,1.0,14
,,nonNat_360_control,0,onvoldoende,Engels,3.656,2.965,3.153,experiment,control,360,nonNat,4.996,55,155,,0.188,1.34,0.503,,15
,,Nat_327_control,0,vrouw,huis,3.834,3.0,3.529,experiment,control,327,Nat,5.216,55,155,,0.529,1.382,0.305,,16
Gaat de zin over een onbekend liedje?,de radio,nonNat_158_related,1,,,2.211,1.661,1.803,experiment,related,158,nonNat,3.088,21,219,het nieuws,0.142,0.877,0.408,0.0,17
Ging de zanger in een helicopter terug naar het hotel?,het hotel,Nat_93_related,1,,,3.433,2.91,3.041,experiment,related,93,Nat,4.192,11,119,de zaal,0.131,0.759,0.392,0.0,18
,de kinderwagen,nonNat_134_unrelated,0,,,3.498,2.85,3.037,experiment,unrelated,134,nonNat,4.388,22,229,het zonnetje,0.187,0.89,0.461,,19
,,Nat_328_control,0,documenten,kwijtraakt,3.277,2.806,2.934,experiment,control,328,Nat,5.552,55,155,,0.128,2.275,0.343,,20
Zetten ze altijd een zwembad op als het warm is?,de tuin,Nat_40_related,1,,,2.857,2.475,2.627,experiment,related,40,Nat,3.502,11,119,het park,0.152,0.645,0.23,1.0,21
Is de student vroeg naar bed gegaan voor zijn tentamen de volgende morgen?,het tentamen,nonNat_118_related,1,,,3.178,2.337,2.497,experiment,related,118,nonNat,4.4,21,219,de opdracht,0.16,1.222,0.681,0.0,22
Maakte de toneelgroep na afloop van de voorstelling een buiging?,het publiek,nonNat_38_unrelated,1,,,5.027,4.536,4.64,experiment,unrelated,38,nonNat,5.656,22,229,de mensen,0.104,0.629,0.387,1.0,23
,,Nat_306_control,0,kast,nachtkastje,0.44,0.016,0.183,experiment,control,306,Nat,5.032,55,155,,0.167,4.592,0.257,,24
,het casino,nonNat_66_related,0,,,2.654,1.923,2.068,experiment,related,66,nonNat,4.629,21,219,de bar,0.145,1.975,0.586,,25
,de kapstok,nonNat_57_unrelated,0,,,2.994,2.401,2.525,experiment,unrelated,57,nonNat,3.492,22,229,het haakje,0.124,0.498,0.469,,26
,,nonNat_340_control,0,salade,pompoen,3.964,3.096,3.307,experiment,control,340,nonNat,6.734,55,155,,0.211,2.77,0.657,,27
,,Nat_329_control,0,instapkaart,print,3.979,3.353,3.487,experiment,control,329,Nat,5.104,55,155,,0.134,1.125,0.492,,28
,het aanrecht,Nat_77_unrelated,0,,,3.601,3.077,3.272,experiment,unrelated,77,Nat,4.232,12,129,de tafel,0.195,0.631,0.329,,29
Werd het bestek in de onderste lade bewaard?,het bestek,nonNat_151_related,1,,,3.961,3.463,3.667,experiment,related,151,nonNat,5.139,21,219,de glazen,0.204,1.178,0.294,0.0,30
,de balk,nonNat_95_unrelated,0,,,4.738,4.09,4.276,experiment,unrelated,95,nonNat,5.587,22,229,het hout,0.186,0.849,0.462,,31
Is het hip om geld in een sok te bewaren?,de bank,Nat_148_related,1,,,3.678,3.339,3.487,experiment,related,148,Nat,4.054,11,119,het matras,0.148,0.376,0.191,0.0,32
Heeft Michael nieuwe boxen gekocht voor zijn tv?,het geluid,Nat_69_related,1,,,4.144,3.615,3.756,experiment,related,69,Nat,5.382,11,119,de muziek,0.141,1.238,0.388,1.0,33
,de hoek,Nat_84_related,0,,,5.145,4.825,4.946,experiment,related,84,Nat,6.259,11,119,het kamertje,0.121,1.114,0.199,,34
,,Nat_325_control,0,kinderen,school,0.503,0.005,0.162,experiment,control,325,Nat,5.752,55,155,,0.157,5.249,0.341,,35
Gaat de spreker wel eens op vakantie?,het vliegtuig,Nat_51_related,1,,,3.622,2.904,3.111,experiment,related,51,Nat,4.628,11,119,de auto,0.207,1.006,0.511,1.0,36
Heeft de werknemer zijn contract getekend voordat er onderhandeld werd?,het contract,Nat_111_unrelated,1,,,2.739,2.253,2.471,experiment,unrelated,111,Nat,4.015,12,129,de brief,0.218,1.276,0.268,0.0,37
Heeft deze zin iets te maken met hengelsport?,het net,nonNat_89_unrelated,1,,,3.368,2.809,2.902,experiment,unrelated,89,nonNat,4.656,22,229,de sloot,0.093,1.288,0.466,0.0,38
,,Nat_313_control,0,uitkijkpost,Oceaan,3.097,2.55,2.655,experiment,control,313,Nat,6.168,55,155,,0.105,3.071,0.442,,39
,de tuinman,Nat_106_related,0,,,4.929,4.344,4.524,experiment,related,106,Nat,6.113,11,119,het hulpje,0.18,1.184,0.405,,40
Gaat de spreker in de zomer graag zwemmen?,het zwembad,nonNat_6_unrelated,1,,,4.325,3.588,3.774,experiment,unrelated,6,nonNat,5.272,22,229,de badkuip,0.186,0.947,0.551,1.0,41
Was de spreker ziek?,de dokter,nonNat_13_related,1,,,4.615,3.949,4.225,experiment,related,13,nonNat,5.81,21,219,het ziekenhuis,0.276,1.195,0.39,1.0,42
,het lijf,nonNat_101_unrelated,0,,,3.129,2.618,2.724,experiment,unrelated,101,nonNat,4.422,22,229,de maag,0.106,1.293,0.405,,43
,,Nat_304_control,0,vakken,studie,1.051,0.428,0.515,experiment,control,304,Nat,4.264,55,155,,0.087,3.213,0.536,,44
,,nonNat_355_control,0,zoon,buitenland,2.699,2.227,2.444,experiment,control,355,nonNat,4.376,55,155,,0.217,1.677,0.255,,45
,,nonNat_330_control,0,speelgoed,lego,7.41,6.629,6.774,experiment,control,330,nonNat,7.541,55,155,,0.145,0.131,0.636,,46
,,nonNat_332_control,0,invoering,restaurants,2.113,1.234,1.421,experiment,control,332,nonNat,6.836,55,155,,0.187,4.723,0.692,,47
,,Nat_324_control,0,hulpverleners,mijn,3.468,2.747,2.823,experiment,control,324,Nat,6.08,55,155,,0.076,2.612,0.645,,48
Waren de bejaarden geïnteresseerd in schilderijen van Monet?,het museum,Nat_140_related,1,,,4.311,3.663,3.743,experiment,related,140,Nat,5.48,11,119,de broodwinkel,0.08,1.169,0.568,0.0,49
,het verkeer,nonNat_63_unrelated,0,,,2.304,1.846,1.963,experiment,unrelated,63,nonNat,3.744,22,229,de wijk,0.117,1.44,0.341,,50
,de spiegel,Nat_74_related,0,,,3.165,2.697,2.798,experiment,related,74,Nat,3.793,11,119,het raam,0.101,0.628,0.367,,51
,,nonNat_353_control,0,baan,landen,2.405,1.92,2.031,experiment,control,353,nonNat,4.397,55,155,,0.111,1.992,0.374,,52
Werkt de lift bij brand?,de lift,Nat_145_unrelated,1,,,2.154,1.866,1.982,experiment,unrelated,145,Nat,3.117,12,129,het dak,0.116,0.963,0.172,0.0,53
,,nonNat_348_control,0,aanwijzingen,gelukkiger,2.715,1.777,2.02,experiment,control,348,nonNat,5.731,55,155,,0.243,3.016,0.695,,54
,de badmeester,nonNat_41_related,0,,,3.516,2.635,2.817,experiment,related,41,nonNat,5.203,21,219,het personeel,0.182,1.687,0.699,,55
Kijken de ouders elke avond het achtuurjournaal?,het journaal,nonNat_33_unrelated,1,,,5.551,4.717,4.82,experiment,unrelated,33,nonNat,8.214,22,229,de nieuwsberichten,0.103,2.663,0.731,1.0,56
Had Hans het weer gecheckt voordat hij vertrok?,de auto,nonNat_12_related,1,,,2.616,2.227,2.354,experiment,related,12,nonNat,4.837,21,219,het busje,0.127,2.221,0.262,1.0,57
,het geld,nonNat_156_unrelated,0,,,5.432,4.873,5.041,experiment,unrelated,156,nonNat,5.913,22,229,de briefjes,0.168,0.481,0.391,,58
Wilde ze graag haar telefoon opladen?,het stopcontact,Nat_45_related,1,,,4.589,3.766,3.889,experiment,related,45,Nat,5.704,11,119,de computer,0.123,1.115,0.7,1.0,59
,,nonNat_342_control,0,autoriteiten,maatregel,7.471,7.038,7.297,experiment,control,342,nonNat,8.19,55,155,,0.259,0.719,0.174,,60
,,nonNat_359_control,0,apen,broodje,5.402,4.874,5.0,experiment,control,359,nonNat,5.456,55,155,,0.126,0.054,0.402,,61
,de afwas,Nat_20_related,0,,,2.424,2.021,2.118,experiment,related,20,Nat,2.976,11,119,het huishouden,0.097,0.552,0.306,,62
Betalen de meeste mensen huur per jaar?,de maand,nonNat_92_related,1,,,4.113,3.598,3.758,experiment,related,92,nonNat,4.813,21,219,het jaar,0.16,0.7,0.355,0.0,63
Heeft de spreker een hekel aan dieren?,de dierentuin,Nat_123_related,1,,,4.129,3.301,3.488,experiment,related,123,Nat,5.726,11,119,het reservaat,0.187,1.597,0.641,0.0,64
,,Nat_322_control,0,directeur,winstmarge,2.661,1.9,2.007,experiment,control,322,Nat,4.224,55,155,,0.107,1.563,0.654,,65
Komt Zwarte Piet door het raam naar binnen?,de schoorsteen,nonNat_155_related,1,,,5.347,4.37,4.521,experiment,related,155,nonNat,7.517,21,219,het gangpad,0.151,2.17,0.826,0.0,66
,de pot,Nat_122_related,0,,,3.95,3.501,3.687,experiment,related,122,Nat,4.929,11,119,het toilet,0.186,0.979,0.263,,67
,het platteland,Nat_149_related,0,,,6.029,5.341,5.503,experiment,related,149,Nat,6.712,11,119,de velden,0.162,0.683,0.526,,68
,de oven,Nat_8_unrelated,0,,,3.65,2.974,3.066,experiment,unrelated,8,Nat,5.062,12,129,het fornuis,0.092,1.412,0.584,,69
,,nonNat_331_control,0,oma,sjaals,1.547,0.951,1.198,experiment,control,331,nonNat,5.778,55,155,,0.247,4.231,0.349,,70
Lijkt Sam erg op zijn moeder?,de boom,Nat_125_unrelated,1,,,4.548,3.981,4.209,experiment,unrelated,125,Nat,5.402,12,129,het plantje,0.228,0.854,0.339,0.0,71
,,nonNat_336_control,0,toeristen,land,3.857,2.888,3.308,experiment,control,336,nonNat,6.872,55,155,,0.42,3.015,0.549,,72
,het ontbijt,Nat_28_related,0,,,4.631,4.043,4.223,experiment,related,28,Nat,5.218,11,119,de brunch,0.18,0.587,0.408,,73
,het bestek,Nat_129_related,0,,,5.513,4.963,5.116,experiment,related,129,Nat,7.027,11,119,de lepels,0.153,1.514,0.397,,74
,,Nat_302_control,0,leraren,vakantie,4.913,4.321,4.623,experiment,control,302,Nat,5.546,55,155,,0.302,0.633,0.29,,75
Kwam de trein op tijd aan in Utrecht?,het station,nonNat_136_unrelated,1,,,3.452,2.767,2.901,experiment,unrelated,136,nonNat,4.146,22,229,de noordzijde,0.134,0.694,0.551,0.0,76
,de zon,nonNat_121_related,0,,,3.414,2.952,3.084,experiment,related,121,nonNat,5.264,21,219,het zand,0.132,1.85,0.33,,77
,,nonNat_349_control,0,horeca,leeftijdsgrens,0.77,0.065,0.152,experiment,control,349,nonNat,6.469,55,155,,0.087,5.699,0.618,,78
,de lucht,Nat_80_related,0,,,3.29,2.953,3.05,experiment,related,80,Nat,4.048,11,119,het water,0.097,0.758,0.24,,79
,de trein,nonNat_143_unrelated,0,,,6.135,5.502,5.631,experiment,unrelated,143,nonNat,6.896,22,229,het fietsje,0.129,0.761,0.504,,80
Ging de zin over een fietstocht door de Alpen?,de berg,Nat_104_unrelated,1,,,2.475,2.052,2.237,experiment,unrelated,104,Nat,3.664,12,129,het pad,0.185,1.189,0.238,0.0,81
,de economie,nonNat_154_unrelated,0,,,6.077,5.543,5.703,experiment,unrelated,154,nonNat,6.707,22,229,het geluk,0.16,0.63,0.374,,82
,,Nat_319_control,0,kabinet,toeristen,1.984,1.188,1.291,experiment,control,319,Nat,4.486,55,155,,0.103,2.502,0.693,,83
Gingen de dames nog wat drinken?,het cafe,Nat_68_related,1,,,3.467,2.892,3.042,experiment,related,68,Nat,4.695,11,119,de lunchroom,0.15,1.228,0.425,1.0,84
Werd de spreker gelijk geholpen bij de dokter?,de wachtkamer,Nat_133_unrelated,1,,,2.653,2.115,2.293,experiment,unrelated,133,Nat,4.431,12,129,het halletje,0.178,1.778,0.36,0.0,85
Wilden ze zijn afstuderen vieren met champagne?,de champagne,Nat_126_unrelated,1,,,4.823,4.255,4.382,experiment,unrelated,126,Nat,6.488,12,129,het feest,0.127,1.665,0.441,0.0,86
Leest de vader van de spreker graag de krant op werkdagen?,de krant,Nat_161_related,1,,,2.387,2.012,2.137,experiment,related,161,Nat,3.195,11,119,het magazine,0.125,0.808,0.25,0.0,87
Had het sprookje een goed einde?,het sprookje,nonNat_50_unrelated,1,,,3.798,3.041,3.196,experiment,unrelated,50,nonNat,5.403,22,229,de trilogie,0.155,1.605,0.602,1.0,88
,de gevangenis,Nat_153_unrelated,0,,,3.06,2.316,2.55,experiment,unrelated,153,Nat,3.627,12,129,het boevenhok,0.234,0.567,0.51,,89
,het slot,Nat_141_related,0,,,2.776,2.354,2.454,experiment,related,141,Nat,3.683,11,119,de deur,0.1,0.907,0.322,,90
Ging de zin over de maand december?,het jaar,Nat_75_unrelated,1,,,2.04,1.607,1.723,experiment,unrelated,75,Nat,3.849,12,129,de winter,0.116,1.809,0.317,1.0,91
Heb je de bus gehaald?,de auto,nonNat_146_unrelated,1,,,4.413,3.372,3.606,experiment,unrelated,146,nonNat,5.276,22,229,het taxibedrijf,0.234,0.863,0.807,0.0,92
,het bos,Nat_25_unrelated,0,,,3.82,3.22,3.334,experiment,unrelated,25,Nat,5.184,12,129,de straat,0.114,1.364,0.486,,93
Moeten ze vanavond vroeg naar bed?,de wekker,Nat_34_related,1,,,3.665,3.183,3.308,experiment,related,34,Nat,4.584,11,119,het alarm,0.125,0.919,0.357,1.0,94
,het internet,Nat_59_unrelated,0,,,5.974,5.245,5.351,experiment,unrelated,59,Nat,7.184,12,129,de websites,0.106,1.21,0.623,,95
,de fiets,nonNat_4_unrelated,0,,,3.738,3.11,3.33,experiment,unrelated,4,nonNat,6.055,22,229,het paard,0.22,2.317,0.408,,96
,,nonNat_357_control,0,jaar,wedstrijden,4.986,4.438,4.704,experiment,control,357,nonNat,5.044,55,155,,0.266,0.058,0.282,,97
,,nonNat_343_control,0,introductie,literatuur,4.267,3.678,3.938,experiment,control,343,nonNat,5.262,55,155,,0.26,0.995,0.329,,98
,de bibliotheek,nonNat_47_related,0,,,4.259,3.502,3.712,experiment,related,47,nonNat,4.981,21,219,het uitleenpunt,0.21,0.722,0.547,,99
,,Nat_311_control,0,land,skivakantie,3.946,3.47,3.589,experiment,control,311,Nat,6.002,55,155,,0.119,2.056,0.357,,100
í,,Nat_323_control,0,krant,uitbraak,1.595,1.159,1.305,experiment,control,323,Nat,4.48,55,155,,0.146,2.885,0.29,,101
,het antwoord,nonNat_23_unrelated,0,,,3.342,2.817,2.965,experiment,unrelated,23,nonNat,4.2,22,229,de reactie,0.148,0.858,0.377,,102
Had Hendrik een DVD gekregen voor zijn verjaardag?,de bioscoop,nonNat_114_related,1,,,6.533,5.896,6.069,experiment,related,114,nonNat,7.206,21,219,het filmhuis,0.173,0.673,0.464,0.0,103
,het bord,nonNat_22_related,0,,,3.593,3.096,3.305,experiment,related,22,nonNat,4.587,21,219,de antwoordvellen,0.209,0.994,0.288,,104
,de pet,nonNat_97_unrelated,0,,,3.397,2.876,3.057,experiment,unrelated,97,nonNat,3.857,22,229,het hoofd,0.181,0.46,0.34,,105
,,Nat_320_control,0,uitvinding,mensheid,2.055,1.427,1.527,experiment,control,320,Nat,3.843,55,155,,0.1,1.788,0.528,,106
,het woordenboek,Nat_62_unrelated,0,,,4.243,3.189,3.323,experiment,unrelated,62,Nat,5.68,12,129,de encyclopedie,0.134,1.437,0.92,,107
,,Nat_326_control,0,koeien,gras,1.987,1.606,1.684,experiment,control,326,Nat,7.568,55,155,,0.078,5.581,0.303,,108
,,nonNat_337_control,0,film,personages,5.353,4.52,4.735,experiment,control,337,nonNat,8.055,55,155,,0.215,2.702,0.618,,109
,,nonNat_335_control,0,vluchtelingenstroom,grenscontroles,3.544,2.192,2.734,experiment,control,335,nonNat,8.077,55,155,,0.542,4.533,0.81,,110
,,Nat_308_control,0,telefoon,bedrijf,3.52,2.694,2.824,experiment,control,308,Nat,4.603,55,155,,0.13,1.083,0.696,,111
Heeft het team de laatste wedstrijd gewonnen?,de taart,Nat_43_unrelated,1,,,3.365,2.869,3.005,experiment,unrelated,43,Nat,4.204,12,129,het ijsje,0.136,0.839,0.36,1.0,112
,,Nat_300_control,0,conferentie,Londen,1.205,0.66,0.783,experiment,control,300,Nat,2.657,55,155,,0.123,1.452,0.422,,113
,,nonNat_354_control,0,buiten,weer,2.252,1.658,1.771,experiment,control,354,nonNat,3.677,55,155,,0.113,1.425,0.481,,114
,de post,Nat_11_related,0,,,4.653,4.075,4.264,experiment,related,11,Nat,5.544,11,119,het postbedrijf,0.189,0.891,0.389,,115
Zijn Jim en Roos vegetarisch?,het restaurant,nonNat_124_related,1,,,4.613,3.858,4.006,experiment,related,124,nonNat,5.822,21,219,de bistro,0.148,1.209,0.607,0.0,116
,de gordijnen,nonNat_46_unrelated,0,,,4.364,3.946,4.123,experiment,unrelated,46,nonNat,4.847,22,229,het luik,0.177,0.483,0.241,,117
,,Nat_321_control,0,week,lessen,1.245,0.587,0.778,experiment,control,321,Nat,4.136,55,155,,0.191,2.891,0.467,,118
,de airco,Nat_90_related,0,,,3.879,3.322,3.489,experiment,related,90,Nat,4.3,11,119,het ventiel,0.167,0.421,0.39,,119
,,nonNat_352_control,0,Olympische Spelen,Rio de Janeiro,3.109,1.455,1.959,experiment,control,352,nonNat,5.796,55,155,,0.504,2.687,1.15,,120
Was het lekker weer om te gaan picknicken?,het eten,nonNat_102_related,1,,,4.016,3.647,3.786,experiment,related,102,nonNat,4.676,21,219,de pasta,0.139,0.66,0.23,0.0,121
Is David een echte gentleman?,de stoel,nonNat_17_unrelated,1,,,3.74,3.06,3.253,experiment,unrelated,17,nonNat,4.925,22,229,het stoeltje,0.193,1.185,0.487,1.0,122
,,Nat_312_control,0,landen,vakantie,2.688,2.182,2.31,experiment,control,312,Nat,5.376,55,155,,0.128,2.688,0.378,,123
Is het belangrijk om goed op het verkeer te letten als je in de auto rijdt?,de weg,Nat_21_unrelated,1,,,2.817,2.353,2.445,experiment,unrelated,21,Nat,3.753,12,129,het verkeer,0.092,0.936,0.372,1.0,124
,,nonNat_333_control,0,bevolking,parlement,2.984,2.326,2.417,experiment,control,333,nonNat,4.705,55,155,,0.091,1.721,0.567,,125
Ging de zin een lastdier dat in de woestijn leeft?,de kameel,nonNat_85_related,1,,,3.998,3.415,3.563,experiment,related,85,nonNat,5.028,21,219,het trekpaard,0.148,1.03,0.435,1.0,126
Staan de boeken die de spreker gelezen heeft op de onderste plank in de kast?,de kast,Nat_29_unrelated,1,,,2.477,1.994,2.14,experiment,unrelated,29,Nat,3.201,12,129,het bureau,0.146,0.724,0.337,1.0,127
,,nonNat_347_control,0,maatstaf,tijdschriften,4.964,4.568,4.702,experiment,control,347,nonNat,5.824,55,155,,0.134,0.86,0.262,,128
,,Nat_303_control,0,studenten,studie,1.034,0.179,0.311,experiment,control,303,Nat,4.896,55,155,,0.132,3.862,0.723,,129
,,nonNat_344_control,0,lezen,saai,3.06,2.309,2.766,experiment,control,344,nonNat,3.692,55,155,,0.457,0.632,0.294,,130
,de pan,nonNat_108_related,0,,,4.262,3.79,4.004,experiment,related,108,nonNat,6.174,21,219,het vuur,0.214,1.912,0.258,,131
Verspreidt de koude lucht zich vanuit Rusland?,het land,Nat_160_unrelated,1,,,4.132,3.488,3.638,experiment,unrelated,160,Nat,4.623,12,129,de provincies,0.15,0.491,0.494,0.0,132
,de film,Nat_157_related,0,,,3.876,3.462,3.55,experiment,related,157,Nat,4.648,11,119,het programma,0.088,0.772,0.326,,133
,de wereld,Nat_132_unrelated,0,,,3.237,2.46,2.612,experiment,unrelated,132,Nat,5.454,12,129,het paradijs,0.152,2.217,0.625,,134
,de schat,nonNat_5_unrelated,0,,,3.941,3.316,3.519,experiment,unrelated,5,nonNat,4.902,22,229,het pakketje,0.203,0.961,0.422,,135
Ging de zin over vleesproducten?,de koelkast,Nat_150_related,1,,,3.126,2.394,2.557,experiment,related,150,Nat,4.792,11,119,het vriesvak,0.163,1.666,0.569,0.0,136
Was de portemonnee van Martijn gestolen?,de politie,nonNat_42_related,1,,,4.647,3.965,4.134,experiment,related,42,nonNat,5.988,21,219,het politiebureau,0.169,1.341,0.513,1.0,137
,het balkon,Nat_159_related,0,,,4.703,4.168,4.323,experiment,related,159,Nat,5.097,11,119,de bank,0.155,0.394,0.38,,138
,de wolf,nonNat_79_related,0,,,4.931,4.508,4.617,experiment,related,79,nonNat,5.456,21,219,het dier,0.109,0.525,0.314,,139
Bergt de juwelier de sieraden 's nachts op op een veilige plek?,de kluis,Nat_44_unrelated,1,,,3.166,2.657,2.787,experiment,unrelated,44,Nat,4.016,12,129,het doosje,0.13,0.85,0.379,1.0,140
,de thee,nonNat_7_related,0,,,6.083,5.601,5.833,experiment,related,7,nonNat,6.935,21,219,het drankje,0.232,0.852,0.25,,141
,,nonNat_356_control,0,Nederland,psychologie,1.979,1.149,1.344,experiment,control,356,nonNat,4.958,55,155,,0.195,2.979,0.635,,142
,de naald,Nat_107_related,0,,,3.638,3.07,3.21,experiment,related,107,Nat,5.192,11,119,het huis,0.14,1.554,0.428,,143
,,Nat_310_control,0,attractiepark,Efteling,5.395,4.402,4.654,experiment,control,310,Nat,5.408,55,155,,0.252,0.013,0.741,,144
,de mouw,nonNat_94_related,0,,,5.213,4.607,4.75,experiment,related,94,nonNat,8.9,21,219,het vest,0.143,3.687,0.463,,145
,,nonNat_350_control,0,oma's,kinderen,2.93,2.267,2.367,experiment,control,350,nonNat,5.407,55,155,,0.1,2.477,0.563,,146
,,nonNat_358_control,0,jaren,woningnood,2.978,2.391,2.636,experiment,control,358,nonNat,5.016,55,155,,0.245,2.038,0.342,,147
Heeft de spreker het over een poster van zijn lievelingsband?,de muur,Nat_58_unrelated,1,,,4.063,3.403,3.602,experiment,unrelated,58,Nat,5.459,12,129,het plafond,0.199,1.396,0.461,1.0,148
Maken kinderen sneeuwengelen in de winter?,de sneeuw,Nat_30_unrelated,1,,,2.113,1.622,1.801,experiment,unrelated,30,Nat,3.206,12,129,het ijs,0.179,1.093,0.312,1.0,149
,de kerk,Nat_98_related,0,,,2.674,2.217,2.389,experiment,related,98,Nat,3.31,11,119,het kapelletje,0.172,0.636,0.285,,150
,,Nat_317_control,0,celstraf,raketwerper,0.614,0.01,0.071,experiment,control,317,Nat,5.224,55,155,,0.061,4.61,0.543,,151
,,Nat_301_control,0,werk,woensdag,1.67,1.249,1.369,experiment,control,301,Nat,4.195,55,155,,0.12,2.525,0.301,,152
,de vergadering,Nat_64_unrelated,0,,,3.003,2.577,2.761,experiment,unrelated,64,Nat,3.597,12,129,het werk,0.184,0.594,0.242,,153
Gaat deze uitdrukking over koeien?,de sloot,nonNat_88_unrelated,1,,,3.504,2.975,3.093,experiment,unrelated,88,nonNat,4.057,22,229,het meer,0.118,0.553,0.411,0.0,154
,de politie,Nat_147_unrelated,0,,,3.741,3.111,3.282,experiment,unrelated,147,Nat,5.744,12,129,het bedrijf,0.171,2.003,0.459,,155
,,nonNat_341_control,0,jongens,giletjes,6.264,5.196,5.48,experiment,control,341,nonNat,6.315,55,155,,0.284,0.051,0.784,,156
,de dierenarts,Nat_152_unrelated,0,,,2.079,1.635,1.751,experiment,unrelated,152,Nat,2.657,12,129,het asiel,0.116,0.578,0.328,,157
Had Marc genoeg tijd ingepland om te studeren voor zijn literatuurtentamen?,de samenvatting,Nat_120_related,1,,,6.122,5.343,5.445,experiment,related,120,Nat,9.376,11,119,het verhaal,0.102,3.254,0.677,0.0,158
Werden de kaartjes gecontroleerd in de bus?,de conducteur,nonNat_131_unrelated,1,,,3.721,3.113,3.259,experiment,unrelated,131,nonNat,4.856,22,229,het mannetje,0.146,1.135,0.462,0.0,159
Zijn de jongens hout aan het verzamelen voor het kampvuur vanavond?,het kampvuur,Nat_26_unrelated,1,,,2.974,2.523,2.684,experiment,unrelated,26,Nat,3.567,12,129,de tocht,0.161,0.593,0.29,1.0,160
Draait de nieuwe film van die acteur al?,de bioscoop,Nat_39_related,1,,,2.431,1.791,1.95,experiment,related,39,Nat,2.98,11,119,het theater,0.159,0.549,0.481,1.0,161
,het balkon,nonNat_109_related,0,,,5.956,5.22,5.415,experiment,related,109,nonNat,9.102,21,219,de balustrade,0.195,3.146,0.541,,162
,de apotheek,nonNat_54_related,0,,,2.925,2.215,2.357,experiment,related,54,nonNat,4.458,21,219,het kruidvat,0.142,1.533,0.568,,163
,het schoolplein,nonNat_27_related,0,,,3.495,2.82,2.908,experiment,related,27,nonNat,4.517,21,219,de stoep,0.088,1.022,0.587,,164
Heeft de koning de nieuwe brug geopend?,het lint,nonNat_110_unrelated,1,,,4.724,4.202,4.401,experiment,unrelated,110,nonNat,5.591,22,229,de touwen,0.199,0.867,0.323,0.0,165
Heeft de spreker een kerstboom met Kerst?,de cadeautjes,nonNat_9_unrelated,1,,,3.041,2.509,2.7,experiment,unrelated,9,nonNat,4.196,22,229,het pakje,0.191,1.155,0.341,1.0,166
Werd de gladheid aangekondigd op de televisie?,de wind,nonNat_100_related,1,,,6.041,5.457,5.601,experiment,related,100,nonNat,7.446,21,219,het gezicht,0.144,1.405,0.44,0.0,167
,de krant,Nat_16_unrelated,0,,,2.695,2.217,2.326,experiment,unrelated,16,Nat,4.065,12,129,het nieuws,0.109,1.37,0.369,,168
,,Nat_314_control,0,leerlingen,huiswerk,7.395,6.658,6.924,experiment,control,314,Nat,7.402,55,155,,0.266,0.007,0.471,,169
,,Nat_309_control,0,kinderen,bed,4.494,3.941,4.075,experiment,control,309,Nat,5.998,55,155,,0.134,1.504,0.419,,170
,de meterkast,nonNat_116_unrelated,0,,,4.759,4.202,4.356,experiment,unrelated,116,nonNat,5.318,22,229,het kabinet,0.154,0.559,0.403,,171
,,Nat_318_control,0,onderzoek,invloed,4.884,4.173,4.326,experiment,control,318,Nat,4.896,55,155,,0.153,0.012,0.558,,172
Was er te weinig licht om te lezen in de kamer?,het licht,nonNat_32_related,1,,,3.748,3.35,3.502,experiment,related,32,nonNat,4.487,21,219,de lamp,0.152,0.739,0.246,1.0,173
Was de prinses opgesloten in de kelder?,de draak,nonNat_103_related,1,,,4.354,3.74,3.926,experiment,related,103,nonNat,6.493,21,219,het leger,0.186,2.139,0.428,0.0,174
Hebben ze een hoop post gekregen terwijl we op vakantie waren?,de brievenbus,Nat_31_unrelated,1,,,3.025,2.281,2.535,experiment,unrelated,31,Nat,3.445,12,129,het postvakje,0.254,0.42,0.49,1.0,175
,het zeil,nonNat_137_unrelated,0,,,5.441,4.914,5.033,experiment,unrelated,137,nonNat,6.126,22,229,de smiezen,0.119,0.685,0.408,,176
Nemen ze een parasol mee als het mooi weer is?,het strand,nonNat_24_related,1,,,3.624,3.019,3.167,experiment,related,24,nonNat,4.736,21,219,de rivier,0.148,1.112,0.457,1.0,177
,het vak,nonNat_142_unrelated,0,,,5.484,4.637,4.728,experiment,unrelated,142,nonNat,7.808,22,229,de lesomgeving,0.091,2.324,0.756,,178
Was Aafke nog op het schooplein toen de bel ging?,de bel,nonNat_67_unrelated,1,,,3.905,3.393,3.497,experiment,unrelated,67,nonNat,4.488,22,229,het groepje,0.104,0.583,0.408,1.0,179
