Question,compLower,filename,hasQuestion,newWord1,newWord2,offsetNoun,onsetDet,onsetNoun,part,relatedness,sentID,speaker,totalLen,trigDet,trigOffsetNoun,unrelOppositeGender,waitForDetOffset,waitForEnd,waitForNounOffset,yesOrNo,trialIndex
,de schat,nonNat_5_unrelated,0,,,3.941,3.316,3.519,experiment,unrelated,5,nonNat,4.902,22,229,het pakketje,0.203,0.961,0.422,,1
Had Hans het weer gecheckt voordat hij vertrok?,de auto,Nat_12_related,1,,,2.406,1.991,2.13,experiment,related,12,Nat,4.688,11,119,het busje,0.139,2.282,0.276,1.0,2
,,nonNat_360_control,0,onvoldoende,Engels,3.656,2.965,3.153,experiment,control,360,nonNat,4.996,55,155,,0.188,1.34,0.503,,3
Zetten ze altijd een zwembad op als het warm is?,de tuin,nonNat_40_related,1,,,3.72,3.217,3.45,experiment,related,40,nonNat,4.705,21,219,het park,0.233,0.985,0.27,1.0,4
Gaat de zin over een onbekend liedje?,de radio,nonNat_158_related,1,,,2.211,1.661,1.803,experiment,related,158,nonNat,3.088,21,219,het nieuws,0.142,0.877,0.408,0.0,5
,de balk,nonNat_95_unrelated,0,,,4.738,4.09,4.276,experiment,unrelated,95,nonNat,5.587,22,229,het hout,0.186,0.849,0.462,,6
Bergt de juwelier de sieraden 's nachts op op een veilige plek?,de kluis,Nat_44_unrelated,1,,,3.166,2.657,2.787,experiment,unrelated,44,Nat,4.016,12,129,het doosje,0.13,0.85,0.379,1.0,7
,,Nat_305_control,0,ontbijt,boterham,3.347,2.76,2.896,experiment,control,305,Nat,4.005,55,155,,0.136,0.658,0.451,,8
,de meterkast,nonNat_116_related,0,,,4.963,4.202,4.315,experiment,related,116,nonNat,5.532,21,219,het kabinet,0.113,0.569,0.648,,9
,de pet,Nat_97_related,0,,,3.192,2.887,3.045,experiment,related,97,Nat,3.543,11,119,het hoofd,0.158,0.351,0.147,,10
Verspreidt de koude lucht zich vanuit Rusland?,het land,Nat_160_unrelated,1,,,4.132,3.488,3.638,experiment,unrelated,160,Nat,4.623,12,129,de provincies,0.15,0.491,0.494,0.0,11
,de apotheek,Nat_54_related,0,,,2.646,2.068,2.16,experiment,related,54,Nat,3.83,11,119,het kruidvat,0.092,1.184,0.486,,12
Ging de zin over een fietstocht door de Alpen?,de berg,Nat_104_related,1,,,2.527,2.052,2.218,experiment,related,104,Nat,3.754,11,119,het pad,0.166,1.227,0.309,0.0,13
Waren de bejaarden geïnteresseerd in schilderijen van Monet?,het museum,nonNat_140_unrelated,1,,,5.506,4.651,4.83,experiment,unrelated,140,nonNat,6.729,22,229,de broodwinkel,0.179,1.223,0.676,0.0,14
,,nonNat_337_control,0,film,personages,5.353,4.52,4.735,experiment,control,337,nonNat,8.055,55,155,,0.215,2.702,0.618,,15
,,nonNat_339_control,0,mensen,verstand,2.66,2.062,2.259,experiment,control,339,nonNat,5.492,55,155,,0.197,2.832,0.401,,16
Werd de gladheid aangekondigd op de televisie?,de wind,nonNat_100_unrelated,1,,,6.444,5.457,5.778,experiment,unrelated,100,nonNat,7.754,22,229,het gezicht,0.321,1.31,0.666,0.0,17
,,Nat_302_control,0,leraren,vakantie,4.913,4.321,4.623,experiment,control,302,Nat,5.546,55,155,,0.302,0.633,0.29,,18
Was er te weinig licht om te lezen in de kamer?,het licht,nonNat_32_unrelated,1,,,3.809,3.35,3.49,experiment,unrelated,32,nonNat,4.585,22,229,de lamp,0.14,0.776,0.319,1.0,19
,de economie,Nat_154_unrelated,0,,,3.915,3.451,3.634,experiment,unrelated,154,Nat,4.505,12,129,het geluk,0.183,0.59,0.281,,20
Heeft Michael nieuwe boxen gekocht voor zijn tv?,het geluid,nonNat_69_unrelated,1,,,3.823,3.339,3.422,experiment,unrelated,69,nonNat,4.916,22,229,de muziek,0.083,1.093,0.401,1.0,21
,,Nat_301_control,0,werk,woensdag,1.67,1.249,1.369,experiment,control,301,Nat,4.195,55,155,,0.12,2.525,0.301,,22
,de fiets,nonNat_4_related,0,,,3.8,3.11,3.26,experiment,related,4,nonNat,5.783,21,219,het paard,0.15,1.983,0.54,,23
,de politie,Nat_147_related,0,,,3.691,3.111,3.255,experiment,related,147,Nat,5.729,11,119,het bedrijf,0.144,2.038,0.436,,24
,,nonNat_341_control,0,jongens,giletjes,6.264,5.196,5.48,experiment,control,341,nonNat,6.315,55,155,,0.284,0.051,0.784,,25
Was de prinses opgesloten in de kelder?,de draak,nonNat_103_related,1,,,4.354,3.74,3.926,experiment,related,103,nonNat,6.493,21,219,het leger,0.186,2.139,0.428,0.0,26
,,nonNat_340_control,0,salade,pompoen,3.964,3.096,3.307,experiment,control,340,nonNat,6.734,55,155,,0.211,2.77,0.657,,27
Betalen de meeste mensen huur per jaar?,de maand,Nat_92_related,1,,,3.024,2.549,2.686,experiment,related,92,Nat,3.748,11,119,het jaar,0.137,0.724,0.338,0.0,28
,,nonNat_357_control,0,jaar,wedstrijden,4.986,4.438,4.704,experiment,control,357,nonNat,5.044,55,155,,0.266,0.058,0.282,,29
,de kerk,Nat_98_related,0,,,2.674,2.217,2.389,experiment,related,98,Nat,3.31,11,119,het kapelletje,0.172,0.636,0.285,,30
Gingen de dames nog wat drinken?,het cafe,nonNat_68_related,1,,,3.69,3.149,3.316,experiment,related,68,nonNat,5.035,21,219,de lunchroom,0.167,1.345,0.374,1.0,31
,de hoek,Nat_84_unrelated,0,,,5.528,4.825,5.04,experiment,unrelated,84,Nat,6.627,12,129,het kamertje,0.215,1.099,0.488,,32
,de naald,nonNat_107_related,0,,,4.29,3.679,3.788,experiment,related,107,nonNat,6.28,21,219,het huis,0.109,1.99,0.502,,33
Werden de kaartjes gecontroleerd in de bus?,de conducteur,Nat_131_unrelated,1,,,3.331,2.815,2.962,experiment,unrelated,131,Nat,4.378,12,129,het mannetje,0.147,1.047,0.369,0.0,34
Is Andre de nieuwe coach van het team?,het team,nonNat_10_related,1,,,2.288,1.785,1.991,experiment,related,10,nonNat,3.823,21,219,de groep,0.206,1.535,0.297,1.0,35
,,Nat_318_control,0,onderzoek,invloed,4.884,4.173,4.326,experiment,control,318,Nat,4.896,55,155,,0.153,0.012,0.558,,36
Ging de zin een lastdier dat in de woestijn leeft?,de kameel,nonNat_85_related,1,,,3.998,3.415,3.563,experiment,related,85,nonNat,5.028,21,219,het trekpaard,0.148,1.03,0.435,1.0,37
,,Nat_317_control,0,celstraf,raketwerper,0.614,0.01,0.071,experiment,control,317,Nat,5.224,55,155,,0.061,4.61,0.543,,38
,,nonNat_352_control,0,Olympische Spelen,Rio de Janeiro,3.109,1.455,1.959,experiment,control,352,nonNat,5.796,55,155,,0.504,2.687,1.15,,39
Leest de vader van de spreker graag de krant op werkdagen?,de krant,Nat_161_related,1,,,2.387,2.012,2.137,experiment,related,161,Nat,3.195,11,119,het magazine,0.125,0.808,0.25,0.0,40
,,nonNat_351_control,0,vrijwilliger,Nederland,1.445,0.246,0.6,experiment,control,351,nonNat,5.252,55,155,,0.354,3.807,0.845,,41
,,Nat_324_control,0,hulpverleners,mijn,3.468,2.747,2.823,experiment,control,324,Nat,6.08,55,155,,0.076,2.612,0.645,,42
Is er een muizenplaag in het studentenhuis?,de muizen,nonNat_49_unrelated,1,,,3.404,2.763,2.935,experiment,unrelated,49,nonNat,3.906,22,229,het knaagdier,0.172,0.502,0.469,1.0,43
,de spiegel,Nat_74_unrelated,0,,,3.048,2.697,2.836,experiment,unrelated,74,Nat,3.651,12,129,het raam,0.139,0.603,0.212,,44
,het zeil,Nat_137_unrelated,0,,,4.3,3.884,3.991,experiment,unrelated,137,Nat,4.938,12,129,de smiezen,0.107,0.638,0.309,,45
,,Nat_328_control,0,documenten,kwijtraakt,3.277,2.806,2.934,experiment,control,328,Nat,5.552,55,155,,0.128,2.275,0.343,,46
Is de student vroeg naar bed gegaan voor zijn tentamen de volgende morgen?,het tentamen,nonNat_118_related,1,,,3.178,2.337,2.497,experiment,related,118,nonNat,4.4,21,219,de opdracht,0.16,1.222,0.681,0.0,47
,de film,Nat_157_related,0,,,3.876,3.462,3.55,experiment,related,157,Nat,4.648,11,119,het programma,0.088,0.772,0.326,,48
,,nonNat_358_control,0,jaren,woningnood,2.978,2.391,2.636,experiment,control,358,nonNat,5.016,55,155,,0.245,2.038,0.342,,49
,het antwoord,Nat_23_related,0,,,2.824,2.296,2.426,experiment,related,23,Nat,3.727,11,119,de reactie,0.13,0.903,0.398,,50
,het vak,Nat_142_related,0,,,4.432,3.907,4.06,experiment,related,142,Nat,7.016,11,119,de lesomgeving,0.153,2.584,0.372,,51
,,Nat_320_control,0,uitvinding,mensheid,2.055,1.427,1.527,experiment,control,320,Nat,3.843,55,155,,0.1,1.788,0.528,,52
,het schoolplein,Nat_27_related,0,,,3.314,2.638,2.746,experiment,related,27,Nat,4.408,11,119,de stoep,0.108,1.094,0.568,,53
,,Nat_326_control,0,koeien,gras,1.987,1.606,1.684,experiment,control,326,Nat,7.568,55,155,,0.078,5.581,0.303,,54
,het geld,nonNat_156_related,0,,,5.335,4.873,5.042,experiment,related,156,nonNat,5.808,21,219,de briefjes,0.169,0.473,0.293,,55
Wilde ze graag haar telefoon opladen?,het stopcontact,nonNat_45_related,1,,,5.233,4.361,4.471,experiment,related,45,nonNat,6.527,21,219,de computer,0.11,1.294,0.762,1.0,56
,,Nat_309_control,0,kinderen,bed,4.494,3.941,4.075,experiment,control,309,Nat,5.998,55,155,,0.134,1.504,0.419,,57
,,Nat_313_control,0,uitkijkpost,Oceaan,3.097,2.55,2.655,experiment,control,313,Nat,6.168,55,155,,0.105,3.071,0.442,,58
,,Nat_322_control,0,directeur,winstmarge,2.661,1.9,2.007,experiment,control,322,Nat,4.224,55,155,,0.107,1.563,0.654,,59
Was het lekker weer om te gaan picknicken?,het eten,nonNat_102_unrelated,1,,,4.054,3.647,3.787,experiment,unrelated,102,nonNat,4.693,22,229,de pasta,0.14,0.639,0.267,0.0,60
Had het sprookje een goed einde?,het sprookje,Nat_50_related,1,,,3.127,2.504,2.619,experiment,related,50,Nat,4.543,11,119,de trilogie,0.115,1.416,0.508,1.0,61
,het platteland,nonNat_149_related,0,,,6.402,5.64,5.83,experiment,related,149,nonNat,7.241,21,219,de velden,0.19,0.839,0.572,,62
,het ontbijt,nonNat_28_unrelated,0,,,4.548,3.995,4.143,experiment,unrelated,28,nonNat,5.217,22,229,de brunch,0.148,0.669,0.405,,63
,het bestek,nonNat_129_related,0,,,7.082,6.455,6.625,experiment,related,129,nonNat,9.148,21,219,de lepels,0.17,2.066,0.457,,64
,de pot,Nat_122_unrelated,0,,,4.095,3.501,3.641,experiment,unrelated,122,Nat,5.114,12,129,het toilet,0.14,1.019,0.454,,65
,,Nat_307_control,0,collega,raam,1.941,1.561,1.613,experiment,control,307,Nat,5.2,55,155,,0.052,3.259,0.328,,66
Zijn Jim en Roos vegetarisch?,het restaurant,nonNat_124_unrelated,1,,,4.502,3.858,4.089,experiment,unrelated,124,nonNat,5.62,22,229,de bistro,0.231,1.118,0.413,0.0,67
,de vergadering,nonNat_64_unrelated,0,,,3.449,3.071,3.179,experiment,unrelated,64,nonNat,4.1,22,229,het werk,0.108,0.651,0.27,,68
Is het belangrijk om goed op het verkeer te letten als je in de auto rijdt?,de weg,Nat_21_related,1,,,2.72,2.353,2.496,experiment,related,21,Nat,3.651,11,119,het verkeer,0.143,0.931,0.224,1.0,69
,,Nat_312_control,0,landen,vakantie,2.688,2.182,2.31,experiment,control,312,Nat,5.376,55,155,,0.128,2.688,0.378,,70
,,Nat_306_control,0,kast,nachtkastje,0.44,0.016,0.183,experiment,control,306,Nat,5.032,55,155,,0.167,4.592,0.257,,71
,de thee,nonNat_7_unrelated,0,,,6.164,5.601,5.788,experiment,unrelated,7,nonNat,6.976,22,229,het drankje,0.187,0.812,0.376,,72
,de dierenarts,nonNat_152_unrelated,0,,,2.553,2.026,2.199,experiment,unrelated,152,nonNat,3.223,22,229,het asiel,0.173,0.67,0.354,,73
,,nonNat_333_control,0,bevolking,parlement,2.984,2.326,2.417,experiment,control,333,nonNat,4.705,55,155,,0.091,1.721,0.567,,74
,de bibliotheek,nonNat_47_unrelated,0,,,4.394,3.502,3.714,experiment,unrelated,47,nonNat,5.004,22,229,het uitleenpunt,0.212,0.61,0.68,,75
,,Nat_303_control,0,studenten,studie,1.034,0.179,0.311,experiment,control,303,Nat,4.896,55,155,,0.132,3.862,0.723,,76
,,Nat_314_control,0,leerlingen,huiswerk,7.395,6.658,6.924,experiment,control,314,Nat,7.402,55,155,,0.266,0.007,0.471,,77
,de zon,Nat_121_unrelated,0,,,2.83,2.335,2.523,experiment,unrelated,121,Nat,4.113,12,129,het zand,0.188,1.283,0.307,,78
Maakte de toneelgroep na afloop van de voorstelling een buiging?,het publiek,nonNat_38_unrelated,1,,,5.027,4.536,4.64,experiment,unrelated,38,nonNat,5.656,22,229,de mensen,0.104,0.629,0.387,1.0,79
,,nonNat_330_control,0,speelgoed,lego,7.41,6.629,6.774,experiment,control,330,nonNat,7.541,55,155,,0.145,0.131,0.636,,80
Heeft het team de laatste wedstrijd gewonnen?,de taart,nonNat_43_related,1,,,4.151,3.623,3.842,experiment,related,43,nonNat,5.296,21,219,het ijsje,0.219,1.145,0.309,1.0,81
,,Nat_316_control,0,amateurs,stunt,4.114,3.541,3.686,experiment,control,316,Nat,4.12,55,155,,0.145,0.006,0.428,,82
,de afwas,nonNat_20_related,0,,,3.85,3.182,3.36,experiment,related,20,nonNat,4.626,21,219,het huishouden,0.178,0.776,0.49,,83
,de gordijnen,Nat_46_unrelated,0,,,3.643,3.299,3.439,experiment,unrelated,46,Nat,4.176,12,129,het luik,0.14,0.533,0.204,,84
,het aanrecht,Nat_77_unrelated,0,,,3.601,3.077,3.272,experiment,unrelated,77,Nat,4.232,12,129,de tafel,0.195,0.631,0.329,,85
,,nonNat_338_control,0,tv,kijken,0.792,0.33,0.445,experiment,control,338,nonNat,4.686,55,155,,0.115,3.894,0.347,,86
,,Nat_325_control,0,kinderen,school,0.503,0.005,0.162,experiment,control,325,Nat,5.752,55,155,,0.157,5.249,0.341,,87
Heb je de bus gehaald?,de auto,nonNat_146_unrelated,1,,,4.413,3.372,3.606,experiment,unrelated,146,nonNat,5.276,22,229,het taxibedrijf,0.234,0.863,0.807,0.0,88
,de kapstok,Nat_57_related,0,,,2.483,1.968,2.129,experiment,related,57,Nat,3.025,11,119,het haakje,0.161,0.542,0.354,,89
Nemen ze een parasol mee als het mooi weer is?,het strand,Nat_24_related,1,,,3.143,2.557,2.687,experiment,related,24,Nat,4.136,11,119,de rivier,0.13,0.993,0.456,1.0,90
,,Nat_304_control,0,vakken,studie,1.051,0.428,0.515,experiment,control,304,Nat,4.264,55,155,,0.087,3.213,0.536,,91
,,nonNat_346_control,0,recht,pech,3.133,2.606,2.743,experiment,control,346,nonNat,5.536,55,155,,0.137,2.403,0.39,,92
,,nonNat_332_control,0,invoering,restaurants,2.113,1.234,1.421,experiment,control,332,nonNat,6.836,55,155,,0.187,4.723,0.692,,93
,het slot,nonNat_141_unrelated,0,,,3.129,2.646,2.821,experiment,unrelated,141,nonNat,4.234,22,229,de deur,0.175,1.105,0.308,,94
,de wolf,nonNat_79_unrelated,0,,,4.894,4.508,4.711,experiment,unrelated,79,nonNat,5.387,22,229,het dier,0.203,0.493,0.183,,95
,de pan,Nat_108_related,0,,,4.256,3.809,4.024,experiment,related,108,Nat,5.8,11,119,het vuur,0.215,1.544,0.232,,96
,,nonNat_336_control,0,toeristen,land,3.857,2.888,3.308,experiment,control,336,nonNat,6.872,55,155,,0.42,3.015,0.549,,97
Was de portemonnee van Martijn gestolen?,de politie,nonNat_42_related,1,,,4.647,3.965,4.134,experiment,related,42,nonNat,5.988,21,219,het politiebureau,0.169,1.341,0.513,1.0,98
,het internet,nonNat_59_related,0,,,6.478,5.749,5.9,experiment,related,59,nonNat,8.174,21,219,de websites,0.151,1.696,0.578,,99
Had Hendrik een DVD gekregen voor zijn verjaardag?,de bioscoop,nonNat_114_related,1,,,6.533,5.896,6.069,experiment,related,114,nonNat,7.206,21,219,het filmhuis,0.173,0.673,0.464,0.0,100
,de post,Nat_11_unrelated,0,,,4.963,4.075,4.258,experiment,unrelated,11,Nat,5.853,12,129,het postbedrijf,0.183,0.89,0.705,,101
,,nonNat_356_control,0,Nederland,psychologie,1.979,1.149,1.344,experiment,control,356,nonNat,4.958,55,155,,0.195,2.979,0.635,,102
,de tuinman,nonNat_106_related,0,,,5.388,4.737,4.926,experiment,related,106,nonNat,6.599,21,219,het hulpje,0.189,1.211,0.462,,103
,,nonNat_334_control,0,boekenwinkels,jaren,5.39,4.902,5.122,experiment,control,334,nonNat,6.538,55,155,,0.22,1.148,0.268,,104
,,nonNat_343_control,0,introductie,literatuur,4.267,3.678,3.938,experiment,control,343,nonNat,5.262,55,155,,0.26,0.995,0.329,,105
,,nonNat_353_control,0,baan,landen,2.405,1.92,2.031,experiment,control,353,nonNat,4.397,55,155,,0.111,1.992,0.374,,106
,,Nat_327_control,0,vrouw,huis,3.834,3.0,3.529,experiment,control,327,Nat,5.216,55,155,,0.529,1.382,0.305,,107
Hebben ze een hoop post gekregen terwijl we op vakantie waren?,de brievenbus,nonNat_31_related,1,,,3.698,3.008,3.133,experiment,related,31,nonNat,4.135,21,219,het postvakje,0.125,0.437,0.565,1.0,108
,de kinderwagen,Nat_134_related,0,,,3.347,2.585,2.755,experiment,related,134,Nat,4.16,11,119,het zonnetje,0.17,0.813,0.592,,109
Draait de nieuwe film van die acteur al?,de bioscoop,Nat_39_unrelated,1,,,2.293,1.791,1.884,experiment,unrelated,39,Nat,2.896,12,129,het theater,0.093,0.603,0.409,1.0,110
Is David een echte gentleman?,de stoel,Nat_17_related,1,,,3.429,3.065,3.145,experiment,related,17,Nat,4.464,11,119,het stoeltje,0.08,1.035,0.284,1.0,111
Kwam de trein op tijd aan in Utrecht?,het station,nonNat_136_related,1,,,3.368,2.767,2.877,experiment,related,136,nonNat,3.997,21,219,de noordzijde,0.11,0.629,0.491,0.0,112
,het woordenboek,Nat_62_related,0,,,3.876,3.189,3.328,experiment,related,62,Nat,5.291,11,119,de encyclopedie,0.139,1.415,0.548,,113
Gaat de spreker in de zomer graag zwemmen?,het zwembad,Nat_6_related,1,,,3.824,3.175,3.309,experiment,related,6,Nat,4.823,11,119,de badkuip,0.134,0.999,0.515,1.0,114
,de mouw,Nat_94_unrelated,0,,,4.669,4.12,4.258,experiment,unrelated,94,Nat,7.6,12,129,het vest,0.138,2.931,0.411,,115
,de airco,Nat_90_unrelated,0,,,3.899,3.322,3.502,experiment,unrelated,90,Nat,4.302,12,129,het ventiel,0.18,0.403,0.397,,116
Had Marc genoeg tijd ingepland om te studeren voor zijn literatuurtentamen?,de samenvatting,Nat_120_related,1,,,6.122,5.343,5.445,experiment,related,120,Nat,9.376,11,119,het verhaal,0.102,3.254,0.677,0.0,117
Ging de zin over de maand december?,het jaar,Nat_75_unrelated,1,,,2.04,1.607,1.723,experiment,unrelated,75,Nat,3.849,12,129,de winter,0.116,1.809,0.317,1.0,118
,het bord,Nat_22_related,0,,,2.486,2.142,2.315,experiment,related,22,Nat,3.306,11,119,de antwoordvellen,0.173,0.82,0.171,,119
Heeft de spreker een kerstboom met Kerst?,de cadeautjes,Nat_9_unrelated,1,,,3.268,2.675,2.898,experiment,unrelated,9,Nat,4.424,12,129,het pakje,0.223,1.156,0.37,1.0,120
Lijkt Sam erg op zijn moeder?,de boom,nonNat_125_unrelated,1,,,5.625,5.013,5.218,experiment,unrelated,125,nonNat,6.643,22,229,het plantje,0.205,1.018,0.407,0.0,121
Moeten ze vanavond vroeg naar bed?,de wekker,Nat_34_unrelated,1,,,3.799,3.183,3.326,experiment,unrelated,34,Nat,4.632,12,129,het alarm,0.143,0.833,0.473,1.0,122
,,nonNat_344_control,0,lezen,saai,3.06,2.309,2.766,experiment,control,344,nonNat,3.692,55,155,,0.457,0.632,0.294,,123
,het krijt,Nat_83_related,0,,,4.75,4.195,4.362,experiment,related,83,Nat,6.647,11,119,de schuld,0.167,1.897,0.388,,124
,,Nat_310_control,0,attractiepark,Efteling,5.395,4.402,4.654,experiment,control,310,Nat,5.408,55,155,,0.252,0.013,0.741,,125
Komt Zwarte Piet door het raam naar binnen?,de schoorsteen,nonNat_155_unrelated,1,,,5.076,4.37,4.556,experiment,unrelated,155,nonNat,7.247,22,229,het gangpad,0.186,2.171,0.52,0.0,126
,de gevangenis,nonNat_153_related,0,,,2.977,2.29,2.413,experiment,related,153,nonNat,3.525,21,219,het boevenhok,0.123,0.548,0.564,,127
,de wereld,Nat_132_unrelated,0,,,3.237,2.46,2.612,experiment,unrelated,132,Nat,5.454,12,129,het paradijs,0.152,2.217,0.625,,128
,de badmeester,nonNat_41_unrelated,0,,,3.441,2.635,2.807,experiment,unrelated,41,nonNat,5.176,22,229,het personeel,0.172,1.735,0.634,,129
,,Nat_311_control,0,land,skivakantie,3.946,3.47,3.589,experiment,control,311,Nat,6.002,55,155,,0.119,2.056,0.357,,130
Heeft de spreker het over een poster van zijn lievelingsband?,de muur,Nat_58_unrelated,1,,,4.063,3.403,3.602,experiment,unrelated,58,Nat,5.459,12,129,het plafond,0.199,1.396,0.461,1.0,131
,het balkon,nonNat_159_unrelated,0,,,5.314,4.895,5.086,experiment,unrelated,159,nonNat,5.75,22,229,de bank,0.191,0.436,0.228,,132
,de lucht,nonNat_80_unrelated,0,,,3.951,3.549,3.669,experiment,unrelated,80,nonNat,4.789,22,229,het water,0.12,0.838,0.282,,133
Ging de zin over vleesproducten?,de koelkast,Nat_150_unrelated,1,,,3.097,2.394,2.509,experiment,unrelated,150,Nat,4.674,12,129,het vriesvak,0.115,1.577,0.588,0.0,134
,het balkon,Nat_109_related,0,,,5.12,4.43,4.625,experiment,related,109,Nat,7.488,11,119,de balustrade,0.195,2.368,0.495,,135
,,nonNat_348_control,0,aanwijzingen,gelukkiger,2.715,1.777,2.02,experiment,control,348,nonNat,5.731,55,155,,0.243,3.016,0.695,,136
Kijken de ouders elke avond het achtuurjournaal?,het journaal,nonNat_33_related,1,,,5.408,4.717,4.831,experiment,related,33,nonNat,7.864,21,219,de nieuwsberichten,0.114,2.456,0.577,1.0,137
Zijn de jongens hout aan het verzamelen voor het kampvuur vanavond?,het kampvuur,Nat_26_related,1,,,3.121,2.523,2.672,experiment,related,26,Nat,3.718,11,119,de tocht,0.149,0.597,0.449,1.0,138
,,Nat_319_control,0,kabinet,toeristen,1.984,1.188,1.291,experiment,control,319,Nat,4.486,55,155,,0.103,2.502,0.693,,139
,,nonNat_354_control,0,buiten,weer,2.252,1.658,1.771,experiment,control,354,nonNat,3.677,55,155,,0.113,1.425,0.481,,140
,,nonNat_342_control,0,autoriteiten,maatregel,7.471,7.038,7.297,experiment,control,342,nonNat,8.19,55,155,,0.259,0.719,0.174,,141
Was de spreker ziek?,de dokter,nonNat_13_unrelated,1,,,4.913,3.949,4.242,experiment,unrelated,13,nonNat,5.88,22,229,het ziekenhuis,0.293,0.967,0.671,1.0,142
,,nonNat_335_control,0,vluchtelingenstroom,grenscontroles,3.544,2.192,2.734,experiment,control,335,nonNat,8.077,55,155,,0.542,4.533,0.81,,143
Was het rustig op de weg naar Zandvoort?,het strand,Nat_144_unrelated,1,,,4.695,4.333,4.431,experiment,unrelated,144,Nat,5.337,12,129,de zee,0.098,0.642,0.264,0.0,144
,,Nat_329_control,0,instapkaart,print,3.979,3.353,3.487,experiment,control,329,Nat,5.104,55,155,,0.134,1.125,0.492,,145
,,nonNat_359_control,0,apen,broodje,5.402,4.874,5.0,experiment,control,359,nonNat,5.456,55,155,,0.126,0.054,0.402,,146
í,,Nat_323_control,0,krant,uitbraak,1.595,1.159,1.305,experiment,control,323,Nat,4.48,55,155,,0.146,2.885,0.29,,147
Werd de spreker gelijk geholpen bij de dokter?,de wachtkamer,nonNat_133_related,1,,,3.637,2.846,2.951,experiment,related,133,nonNat,5.792,21,219,het halletje,0.105,2.155,0.686,0.0,148
,,nonNat_349_control,0,horeca,leeftijdsgrens,0.77,0.065,0.152,experiment,control,349,nonNat,6.469,55,155,,0.087,5.699,0.618,,149
,,Nat_308_control,0,telefoon,bedrijf,3.52,2.694,2.824,experiment,control,308,Nat,4.603,55,155,,0.13,1.083,0.696,,150
,,nonNat_331_control,0,oma,sjaals,1.547,0.951,1.198,experiment,control,331,nonNat,5.778,55,155,,0.247,4.231,0.349,,151
Was Aafke nog op het schooplein toen de bel ging?,de bel,nonNat_67_related,1,,,3.784,3.393,3.594,experiment,related,67,nonNat,4.38,21,219,het groepje,0.201,0.596,0.19,1.0,152
,het bos,nonNat_25_related,0,,,3.979,3.441,3.655,experiment,related,25,nonNat,5.526,21,219,de straat,0.214,1.547,0.324,,153
Werd het bestek in de onderste lade bewaard?,het bestek,nonNat_151_unrelated,1,,,3.994,3.463,3.605,experiment,unrelated,151,nonNat,5.107,22,229,de glazen,0.142,1.113,0.389,0.0,154
,het hart,nonNat_87_unrelated,0,,,7.653,7.026,7.195,experiment,unrelated,87,nonNat,9.385,22,229,de neus,0.169,1.732,0.458,,155
,de trein,nonNat_143_related,0,,,5.937,5.502,5.657,experiment,related,143,nonNat,6.577,21,219,het fietsje,0.155,0.64,0.28,,156
,het lijf,Nat_101_related,0,,,3.117,2.649,2.78,experiment,related,101,Nat,4.333,11,119,de maag,0.131,1.216,0.337,,157
Ging de zanger in een helicopter terug naar het hotel?,het hotel,Nat_93_unrelated,1,,,3.358,2.91,3.022,experiment,unrelated,93,Nat,4.122,12,129,de zaal,0.112,0.764,0.336,0.0,158
Werkt de lift bij brand?,de lift,nonNat_145_related,1,,,2.85,2.44,2.583,experiment,related,145,nonNat,3.816,21,219,het dak,0.143,0.966,0.267,0.0,159
,de krant,Nat_16_related,0,,,2.73,2.217,2.37,experiment,related,16,Nat,4.168,11,119,het nieuws,0.153,1.438,0.36,,160
,het verkeer,Nat_63_unrelated,0,,,2.009,1.614,1.764,experiment,unrelated,63,Nat,3.336,12,129,de wijk,0.15,1.327,0.245,,161
Is het hip om geld in een sok te bewaren?,de bank,Nat_148_unrelated,1,,,3.804,3.339,3.43,experiment,unrelated,148,Nat,4.139,12,129,het matras,0.091,0.335,0.374,0.0,162
,,Nat_300_control,0,conferentie,Londen,1.205,0.66,0.783,experiment,control,300,Nat,2.657,55,155,,0.123,1.452,0.422,,163
Heeft deze zin iets te maken met hengelsport?,het net,Nat_89_unrelated,1,,,3.607,2.987,3.134,experiment,unrelated,89,Nat,4.8,12,129,de sloot,0.147,1.193,0.473,0.0,164
Staan de boeken die de spreker gelezen heeft op de onderste plank in de kast?,de kast,Nat_29_related,1,,,2.375,1.994,2.125,experiment,related,29,Nat,3.044,11,119,het bureau,0.131,0.669,0.25,1.0,165
Heeft de werknemer zijn contract getekend voordat er onderhandeld werd?,het contract,Nat_111_unrelated,1,,,2.739,2.253,2.471,experiment,unrelated,111,Nat,4.015,12,129,de brief,0.218,1.276,0.268,0.0,166
,,nonNat_355_control,0,zoon,buitenland,2.699,2.227,2.444,experiment,control,355,nonNat,4.376,55,155,,0.217,1.677,0.255,,167
,,nonNat_347_control,0,maatstaf,tijdschriften,4.964,4.568,4.702,experiment,control,347,nonNat,5.824,55,155,,0.134,0.86,0.262,,168
Wilden ze zijn afstuderen vieren met champagne?,de champagne,Nat_126_unrelated,1,,,4.823,4.255,4.382,experiment,unrelated,126,Nat,6.488,12,129,het feest,0.127,1.665,0.441,0.0,169
,,Nat_315_control,0,ruimtemissies,jaar,2.069,1.344,1.479,experiment,control,315,Nat,6.144,55,155,,0.135,4.075,0.59,,170
Gaat de spreker wel eens op vakantie?,het vliegtuig,nonNat_51_related,1,,,3.367,2.694,2.8,experiment,related,51,nonNat,4.126,21,219,de auto,0.106,0.759,0.567,1.0,171
Heeft de koning de nieuwe brug geopend?,het lint,Nat_110_unrelated,1,,,4.75,4.135,4.332,experiment,unrelated,110,Nat,5.638,12,129,de touwen,0.197,0.888,0.418,0.0,172
,de oven,nonNat_8_unrelated,0,,,3.471,2.846,2.968,experiment,unrelated,8,nonNat,4.713,22,229,het fornuis,0.122,1.242,0.503,,173
,het casino,nonNat_66_unrelated,0,,,2.412,1.923,2.092,experiment,unrelated,66,nonNat,4.2,22,229,de bar,0.169,1.788,0.32,,174
,,Nat_321_control,0,week,lessen,1.245,0.587,0.778,experiment,control,321,Nat,4.136,55,155,,0.191,2.891,0.467,,175
Heeft de spreker een hekel aan dieren?,de dierentuin,nonNat_123_unrelated,1,,,4.395,3.53,3.634,experiment,unrelated,123,nonNat,6.022,22,229,het reservaat,0.104,1.627,0.761,0.0,176
,,nonNat_350_control,0,oma's,kinderen,2.93,2.267,2.367,experiment,control,350,nonNat,5.407,55,155,,0.1,2.477,0.563,,177
Maken kinderen sneeuwengelen in de winter?,de sneeuw,nonNat_30_unrelated,1,,,2.649,2.136,2.313,experiment,unrelated,30,nonNat,3.979,22,229,het ijs,0.177,1.33,0.336,1.0,178
Gaat deze uitdrukking over koeien?,de sloot,Nat_88_unrelated,1,,,3.017,2.583,2.722,experiment,unrelated,88,Nat,3.552,12,129,het meer,0.139,0.535,0.295,0.0,179
