Question,compLower,filename,hasQuestion,newWord1,newWord2,offsetNoun,onsetDet,onsetNoun,part,relatedness,sentID,speaker,totalLen,trigDet,trigOffsetNoun,unrelOppositeGender,waitForDetOffset,waitForEnd,waitForNounOffset,yesOrNo,trialIndex
Kwam de trein op tijd aan in Utrecht?,het station,nonNat_136_related,1,,,3.368,2.767,2.877,experiment,related,136,nonNat,3.997,21,219,de noordzijde,0.11,0.629,0.491,0.0,1
,de lucht,Nat_80_unrelated,0,,,3.379,2.953,3.079,experiment,unrelated,80,Nat,4.137,12,129,het water,0.126,0.758,0.3,,2
,,Nat_311_control,0,land,skivakantie,3.946,3.47,3.589,experiment,control,311,Nat,6.002,55,155,,0.119,2.056,0.357,,3
,de zon,Nat_121_related,0,,,2.804,2.335,2.466,experiment,related,121,Nat,4.12,11,119,het zand,0.131,1.316,0.338,,4
,de mouw,Nat_94_unrelated,0,,,4.669,4.12,4.258,experiment,unrelated,94,Nat,7.6,12,129,het vest,0.138,2.931,0.411,,5
,,Nat_309_control,0,kinderen,bed,4.494,3.941,4.075,experiment,control,309,Nat,5.998,55,155,,0.134,1.504,0.419,,6
Was de prinses opgesloten in de kelder?,de draak,nonNat_103_unrelated,1,,,4.457,3.74,3.949,experiment,unrelated,103,nonNat,6.314,22,229,het leger,0.209,1.857,0.508,0.0,7
,de pot,Nat_122_unrelated,0,,,4.095,3.501,3.641,experiment,unrelated,122,Nat,5.114,12,129,het toilet,0.14,1.019,0.454,,8
,,nonNat_330_control,0,speelgoed,lego,7.41,6.629,6.774,experiment,control,330,nonNat,7.541,55,155,,0.145,0.131,0.636,,9
,,Nat_325_control,0,kinderen,school,0.503,0.005,0.162,experiment,control,325,Nat,5.752,55,155,,0.157,5.249,0.341,,10
Verspreidt de koude lucht zich vanuit Rusland?,het land,nonNat_160_unrelated,1,,,4.845,4.103,4.309,experiment,unrelated,160,nonNat,5.377,22,229,de provincies,0.206,0.532,0.536,0.0,11
Werd de gladheid aangekondigd op de televisie?,de wind,nonNat_100_unrelated,1,,,6.444,5.457,5.778,experiment,unrelated,100,nonNat,7.754,22,229,het gezicht,0.321,1.31,0.666,0.0,12
,,Nat_328_control,0,documenten,kwijtraakt,3.277,2.806,2.934,experiment,control,328,Nat,5.552,55,155,,0.128,2.275,0.343,,13
Hebben ze een hoop post gekregen terwijl we op vakantie waren?,de brievenbus,Nat_31_related,1,,,2.882,2.281,2.397,experiment,related,31,Nat,3.284,11,119,het postvakje,0.116,0.402,0.485,1.0,14
,het woordenboek,nonNat_62_related,0,,,3.469,2.79,2.929,experiment,related,62,nonNat,4.926,21,219,de encyclopedie,0.139,1.457,0.54,,15
,,Nat_313_control,0,uitkijkpost,Oceaan,3.097,2.55,2.655,experiment,control,313,Nat,6.168,55,155,,0.105,3.071,0.442,,16
,,Nat_317_control,0,celstraf,raketwerper,0.614,0.01,0.071,experiment,control,317,Nat,5.224,55,155,,0.061,4.61,0.543,,17
Heb je de bus gehaald?,de auto,nonNat_146_unrelated,1,,,4.413,3.372,3.606,experiment,unrelated,146,nonNat,5.276,22,229,het taxibedrijf,0.234,0.863,0.807,0.0,18
,het antwoord,nonNat_23_related,0,,,3.397,2.817,3.0,experiment,related,23,nonNat,4.226,21,219,de reactie,0.183,0.829,0.397,,19
,,Nat_326_control,0,koeien,gras,1.987,1.606,1.684,experiment,control,326,Nat,7.568,55,155,,0.078,5.581,0.303,,20
,de fiets,Nat_4_unrelated,0,,,2.7,2.138,2.362,experiment,unrelated,4,Nat,4.125,12,129,het paard,0.224,1.425,0.338,,21
,de spiegel,nonNat_74_unrelated,0,,,4.668,4.115,4.342,experiment,unrelated,74,nonNat,5.445,22,229,het raam,0.227,0.777,0.326,,22
Is het hip om geld in een sok te bewaren?,de bank,nonNat_148_related,1,,,4.508,4.154,4.322,experiment,related,148,nonNat,4.856,21,219,het matras,0.168,0.348,0.186,0.0,23
,het slot,nonNat_141_related,0,,,3.127,2.646,2.796,experiment,related,141,nonNat,4.16,21,219,de deur,0.15,1.033,0.331,,24
,het balkon,nonNat_109_related,0,,,5.956,5.22,5.415,experiment,related,109,nonNat,9.102,21,219,de balustrade,0.195,3.146,0.541,,25
,,Nat_305_control,0,ontbijt,boterham,3.347,2.76,2.896,experiment,control,305,Nat,4.005,55,155,,0.136,0.658,0.451,,26
,de oven,nonNat_8_related,0,,,3.402,2.846,2.986,experiment,related,8,nonNat,4.638,21,219,het fornuis,0.14,1.236,0.416,,27
,,Nat_307_control,0,collega,raam,1.941,1.561,1.613,experiment,control,307,Nat,5.2,55,155,,0.052,3.259,0.328,,28
Wilde ze graag haar telefoon opladen?,het stopcontact,nonNat_45_related,1,,,5.233,4.361,4.471,experiment,related,45,nonNat,6.527,21,219,de computer,0.11,1.294,0.762,1.0,29
,,nonNat_340_control,0,salade,pompoen,3.964,3.096,3.307,experiment,control,340,nonNat,6.734,55,155,,0.211,2.77,0.657,,30
,,Nat_302_control,0,leraren,vakantie,4.913,4.321,4.623,experiment,control,302,Nat,5.546,55,155,,0.302,0.633,0.29,,31
,de pan,nonNat_108_related,0,,,4.262,3.79,4.004,experiment,related,108,nonNat,6.174,21,219,het vuur,0.214,1.912,0.258,,32
Heeft de spreker een kerstboom met Kerst?,de cadeautjes,Nat_9_unrelated,1,,,3.268,2.675,2.898,experiment,unrelated,9,Nat,4.424,12,129,het pakje,0.223,1.156,0.37,1.0,33
,het bord,Nat_22_related,0,,,2.486,2.142,2.315,experiment,related,22,Nat,3.306,11,119,de antwoordvellen,0.173,0.82,0.171,,34
Ging de zin over vleesproducten?,de koelkast,nonNat_150_unrelated,1,,,3.513,2.656,2.85,experiment,unrelated,150,nonNat,5.394,22,229,het vriesvak,0.194,1.881,0.663,0.0,35
Heeft het team de laatste wedstrijd gewonnen?,de taart,Nat_43_unrelated,1,,,3.365,2.869,3.005,experiment,unrelated,43,Nat,4.204,12,129,het ijsje,0.136,0.839,0.36,1.0,36
,,nonNat_355_control,0,zoon,buitenland,2.699,2.227,2.444,experiment,control,355,nonNat,4.376,55,155,,0.217,1.677,0.255,,37
Is het belangrijk om goed op het verkeer te letten als je in de auto rijdt?,de weg,Nat_21_unrelated,1,,,2.817,2.353,2.445,experiment,unrelated,21,Nat,3.753,12,129,het verkeer,0.092,0.936,0.372,1.0,38
Werd het bestek in de onderste lade bewaard?,het bestek,Nat_151_related,1,,,3.292,2.775,2.925,experiment,related,151,Nat,4.216,11,119,de glazen,0.15,0.924,0.367,0.0,39
Gaat de spreker wel eens op vakantie?,het vliegtuig,Nat_51_unrelated,1,,,3.486,2.904,3.062,experiment,unrelated,51,Nat,4.384,12,129,de auto,0.158,0.898,0.424,1.0,40
Kijken de ouders elke avond het achtuurjournaal?,het journaal,nonNat_33_related,1,,,5.408,4.717,4.831,experiment,related,33,nonNat,7.864,21,219,de nieuwsberichten,0.114,2.456,0.577,1.0,41
,het geld,Nat_156_unrelated,0,,,3.709,3.189,3.29,experiment,unrelated,156,Nat,4.128,12,129,de briefjes,0.101,0.419,0.419,,42
,het casino,nonNat_66_related,0,,,2.654,1.923,2.068,experiment,related,66,nonNat,4.629,21,219,de bar,0.145,1.975,0.586,,43
,de meterkast,nonNat_116_related,0,,,4.963,4.202,4.315,experiment,related,116,nonNat,5.532,21,219,het kabinet,0.113,0.569,0.648,,44
,,Nat_327_control,0,vrouw,huis,3.834,3.0,3.529,experiment,control,327,Nat,5.216,55,155,,0.529,1.382,0.305,,45
,de wereld,nonNat_132_unrelated,0,,,3.627,2.754,2.954,experiment,unrelated,132,nonNat,6.274,22,229,het paradijs,0.2,2.647,0.673,,46
Was het rustig op de weg naar Zandvoort?,het strand,nonNat_144_unrelated,1,,,5.044,4.677,4.769,experiment,unrelated,144,nonNat,5.724,22,229,de zee,0.092,0.68,0.275,0.0,47
,het lijf,Nat_101_related,0,,,3.117,2.649,2.78,experiment,related,101,Nat,4.333,11,119,de maag,0.131,1.216,0.337,,48
Is Andre de nieuwe coach van het team?,het team,Nat_10_related,1,,,1.709,1.302,1.46,experiment,related,10,Nat,2.704,11,119,de groep,0.158,0.995,0.249,1.0,49
,de economie,nonNat_154_unrelated,0,,,6.077,5.543,5.703,experiment,unrelated,154,nonNat,6.707,22,229,het geluk,0.16,0.63,0.374,,50
Had het sprookje een goed einde?,het sprookje,nonNat_50_related,1,,,3.845,3.041,3.181,experiment,related,50,nonNat,5.616,21,219,de trilogie,0.14,1.771,0.664,1.0,51
Heeft de spreker een hekel aan dieren?,de dierentuin,Nat_123_unrelated,1,,,4.269,3.301,3.442,experiment,unrelated,123,Nat,5.758,12,129,het reservaat,0.141,1.489,0.827,0.0,52
Ging de zin over een fietstocht door de Alpen?,de berg,nonNat_104_related,1,,,2.625,2.047,2.227,experiment,related,104,nonNat,3.915,21,219,het pad,0.18,1.29,0.398,0.0,53
Gingen de dames nog wat drinken?,het cafe,nonNat_68_unrelated,1,,,4.063,3.149,3.319,experiment,unrelated,68,nonNat,5.432,22,229,de lunchroom,0.17,1.369,0.744,1.0,54
,,Nat_316_control,0,amateurs,stunt,4.114,3.541,3.686,experiment,control,316,Nat,4.12,55,155,,0.145,0.006,0.428,,55
Had Hans het weer gecheckt voordat hij vertrok?,de auto,Nat_12_related,1,,,2.406,1.991,2.13,experiment,related,12,Nat,4.688,11,119,het busje,0.139,2.282,0.276,1.0,56
,,nonNat_334_control,0,boekenwinkels,jaren,5.39,4.902,5.122,experiment,control,334,nonNat,6.538,55,155,,0.22,1.148,0.268,,57
,,Nat_301_control,0,werk,woensdag,1.67,1.249,1.369,experiment,control,301,Nat,4.195,55,155,,0.12,2.525,0.301,,58
Staan de boeken die de spreker gelezen heeft op de onderste plank in de kast?,de kast,nonNat_29_related,1,,,3.153,2.668,2.903,experiment,related,29,nonNat,3.871,21,219,het bureau,0.235,0.718,0.25,1.0,59
Werden de kaartjes gecontroleerd in de bus?,de conducteur,nonNat_131_related,1,,,3.734,3.113,3.268,experiment,related,131,nonNat,4.857,21,219,het mannetje,0.155,1.123,0.466,0.0,60
,de naald,Nat_107_unrelated,0,,,3.662,3.07,3.193,experiment,unrelated,107,Nat,5.535,12,129,het huis,0.123,1.873,0.469,,61
Werkt de lift bij brand?,de lift,Nat_145_unrelated,1,,,2.154,1.866,1.982,experiment,unrelated,145,Nat,3.117,12,129,het dak,0.116,0.963,0.172,0.0,62
í,,Nat_323_control,0,krant,uitbraak,1.595,1.159,1.305,experiment,control,323,Nat,4.48,55,155,,0.146,2.885,0.29,,63
,de vergadering,nonNat_64_unrelated,0,,,3.449,3.071,3.179,experiment,unrelated,64,nonNat,4.1,22,229,het werk,0.108,0.651,0.27,,64
,,nonNat_358_control,0,jaren,woningnood,2.978,2.391,2.636,experiment,control,358,nonNat,5.016,55,155,,0.245,2.038,0.342,,65
,,nonNat_352_control,0,Olympische Spelen,Rio de Janeiro,3.109,1.455,1.959,experiment,control,352,nonNat,5.796,55,155,,0.504,2.687,1.15,,66
,,Nat_300_control,0,conferentie,Londen,1.205,0.66,0.783,experiment,control,300,Nat,2.657,55,155,,0.123,1.452,0.422,,67
,de hoek,nonNat_84_related,0,,,6.967,6.526,6.676,experiment,related,84,nonNat,8.237,21,219,het kamertje,0.15,1.27,0.291,,68
,de gevangenis,Nat_153_related,0,,,3.02,2.316,2.409,experiment,related,153,Nat,3.544,11,119,het boevenhok,0.093,0.524,0.611,,69
,,nonNat_359_control,0,apen,broodje,5.402,4.874,5.0,experiment,control,359,nonNat,5.456,55,155,,0.126,0.054,0.402,,70
,,Nat_322_control,0,directeur,winstmarge,2.661,1.9,2.007,experiment,control,322,Nat,4.224,55,155,,0.107,1.563,0.654,,71
Betalen de meeste mensen huur per jaar?,de maand,nonNat_92_unrelated,1,,,4.051,3.598,3.739,experiment,unrelated,92,nonNat,4.862,22,229,het jaar,0.141,0.811,0.312,0.0,72
Ging de zin een lastdier dat in de woestijn leeft?,de kameel,Nat_85_related,1,,,3.523,2.992,3.13,experiment,related,85,Nat,4.422,11,119,het trekpaard,0.138,0.899,0.393,1.0,73
,,Nat_304_control,0,vakken,studie,1.051,0.428,0.515,experiment,control,304,Nat,4.264,55,155,,0.087,3.213,0.536,,74
,de tuinman,Nat_106_unrelated,0,,,4.871,4.344,4.479,experiment,unrelated,106,Nat,5.987,12,129,het hulpje,0.135,1.116,0.392,,75
,de politie,nonNat_147_unrelated,0,,,3.908,3.141,3.359,experiment,unrelated,147,nonNat,6.286,22,229,het bedrijf,0.218,2.378,0.549,,76
,de gordijnen,nonNat_46_unrelated,0,,,4.364,3.946,4.123,experiment,unrelated,46,nonNat,4.847,22,229,het luik,0.177,0.483,0.241,,77
,de dierenarts,Nat_152_related,0,,,2.309,1.635,1.803,experiment,related,152,Nat,2.872,11,119,het asiel,0.168,0.563,0.506,,78
,de schat,nonNat_5_unrelated,0,,,3.941,3.316,3.519,experiment,unrelated,5,nonNat,4.902,22,229,het pakketje,0.203,0.961,0.422,,79
,,nonNat_347_control,0,maatstaf,tijdschriften,4.964,4.568,4.702,experiment,control,347,nonNat,5.824,55,155,,0.134,0.86,0.262,,80
,,nonNat_335_control,0,vluchtelingenstroom,grenscontroles,3.544,2.192,2.734,experiment,control,335,nonNat,8.077,55,155,,0.542,4.533,0.81,,81
Gaat de spreker in de zomer graag zwemmen?,het zwembad,nonNat_6_unrelated,1,,,4.325,3.588,3.774,experiment,unrelated,6,nonNat,5.272,22,229,de badkuip,0.186,0.947,0.551,1.0,82
,de afwas,nonNat_20_related,0,,,3.85,3.182,3.36,experiment,related,20,nonNat,4.626,21,219,het huishouden,0.178,0.776,0.49,,83
,,nonNat_349_control,0,horeca,leeftijdsgrens,0.77,0.065,0.152,experiment,control,349,nonNat,6.469,55,155,,0.087,5.699,0.618,,84
Waren de bejaarden geïnteresseerd in schilderijen van Monet?,het museum,nonNat_140_unrelated,1,,,5.506,4.651,4.83,experiment,unrelated,140,nonNat,6.729,22,229,de broodwinkel,0.179,1.223,0.676,0.0,85
Heeft de koning de nieuwe brug geopend?,het lint,nonNat_110_unrelated,1,,,4.724,4.202,4.401,experiment,unrelated,110,nonNat,5.591,22,229,de touwen,0.199,0.867,0.323,0.0,86
Zetten ze altijd een zwembad op als het warm is?,de tuin,nonNat_40_related,1,,,3.72,3.217,3.45,experiment,related,40,nonNat,4.705,21,219,het park,0.233,0.985,0.27,1.0,87
,,nonNat_333_control,0,bevolking,parlement,2.984,2.326,2.417,experiment,control,333,nonNat,4.705,55,155,,0.091,1.721,0.567,,88
Was de portemonnee van Martijn gestolen?,de politie,Nat_42_unrelated,1,,,4.551,3.502,3.741,experiment,unrelated,42,Nat,5.592,12,129,het politiebureau,0.239,1.041,0.81,1.0,89
,,Nat_314_control,0,leerlingen,huiswerk,7.395,6.658,6.924,experiment,control,314,Nat,7.402,55,155,,0.266,0.007,0.471,,90
Was Aafke nog op het schooplein toen de bel ging?,de bel,Nat_67_related,1,,,3.262,2.855,2.991,experiment,related,67,Nat,3.809,11,119,het groepje,0.136,0.547,0.271,1.0,91
,,Nat_324_control,0,hulpverleners,mijn,3.468,2.747,2.823,experiment,control,324,Nat,6.08,55,155,,0.076,2.612,0.645,,92
,,nonNat_331_control,0,oma,sjaals,1.547,0.951,1.198,experiment,control,331,nonNat,5.778,55,155,,0.247,4.231,0.349,,93
,de thee,Nat_7_related,0,,,5.475,5.084,5.272,experiment,related,7,Nat,6.196,11,119,het drankje,0.188,0.721,0.203,,94
,het verkeer,nonNat_63_unrelated,0,,,2.304,1.846,1.963,experiment,unrelated,63,nonNat,3.744,22,229,de wijk,0.117,1.44,0.341,,95
,,nonNat_348_control,0,aanwijzingen,gelukkiger,2.715,1.777,2.02,experiment,control,348,nonNat,5.731,55,155,,0.243,3.016,0.695,,96
,het bos,nonNat_25_related,0,,,3.979,3.441,3.655,experiment,related,25,nonNat,5.526,21,219,de straat,0.214,1.547,0.324,,97
Werd de spreker gelijk geholpen bij de dokter?,de wachtkamer,Nat_133_related,1,,,2.736,2.115,2.244,experiment,related,133,Nat,4.538,11,119,het halletje,0.129,1.802,0.492,0.0,98
Is David een echte gentleman?,de stoel,Nat_17_related,1,,,3.429,3.065,3.145,experiment,related,17,Nat,4.464,11,119,het stoeltje,0.08,1.035,0.284,1.0,99
,de kinderwagen,nonNat_134_unrelated,0,,,3.498,2.85,3.037,experiment,unrelated,134,nonNat,4.388,22,229,het zonnetje,0.187,0.89,0.461,,100
,de kerk,nonNat_98_related,0,,,3.433,2.912,3.087,experiment,related,98,nonNat,4.212,21,219,het kapelletje,0.175,0.779,0.346,,101
Was het lekker weer om te gaan picknicken?,het eten,Nat_102_unrelated,1,,,3.731,3.218,3.387,experiment,unrelated,102,Nat,4.427,12,129,de pasta,0.169,0.696,0.344,0.0,102
,,nonNat_337_control,0,film,personages,5.353,4.52,4.735,experiment,control,337,nonNat,8.055,55,155,,0.215,2.702,0.618,,103
Heeft de spreker het over een poster van zijn lievelingsband?,de muur,nonNat_58_unrelated,1,,,4.854,4.117,4.312,experiment,unrelated,58,nonNat,6.351,22,229,het plafond,0.195,1.497,0.542,1.0,104
,het schoolplein,Nat_27_unrelated,0,,,3.139,2.638,2.786,experiment,unrelated,27,Nat,4.246,12,129,de stoep,0.148,1.107,0.353,,105
,,Nat_310_control,0,attractiepark,Efteling,5.395,4.402,4.654,experiment,control,310,Nat,5.408,55,155,,0.252,0.013,0.741,,106
Bergt de juwelier de sieraden 's nachts op op een veilige plek?,de kluis,Nat_44_related,1,,,3.142,2.657,2.805,experiment,related,44,Nat,4.223,11,119,het doosje,0.148,1.081,0.337,1.0,107
,de wolf,Nat_79_unrelated,0,,,4.059,3.632,3.827,experiment,unrelated,79,Nat,4.512,12,129,het dier,0.195,0.453,0.232,,108
Is de student vroeg naar bed gegaan voor zijn tentamen de volgende morgen?,het tentamen,Nat_118_related,1,,,2.219,1.63,1.795,experiment,related,118,Nat,3.334,11,119,de opdracht,0.165,1.115,0.424,0.0,109
Zijn Jim en Roos vegetarisch?,het restaurant,Nat_124_unrelated,1,,,4.007,3.465,3.628,experiment,unrelated,124,Nat,5.129,12,129,de bistro,0.163,1.122,0.379,0.0,110
Is er een muizenplaag in het studentenhuis?,de muizen,Nat_49_related,1,,,2.721,2.226,2.4,experiment,related,49,Nat,3.211,11,119,het knaagdier,0.174,0.49,0.321,1.0,111
,,nonNat_332_control,0,invoering,restaurants,2.113,1.234,1.421,experiment,control,332,nonNat,6.836,55,155,,0.187,4.723,0.692,,112
Moeten ze vanavond vroeg naar bed?,de wekker,nonNat_34_related,1,,,4.133,3.653,3.768,experiment,related,34,nonNat,5.268,21,219,het alarm,0.115,1.135,0.365,1.0,113
,de krant,Nat_16_related,0,,,2.73,2.217,2.37,experiment,related,16,Nat,4.168,11,119,het nieuws,0.153,1.438,0.36,,114
,het bestek,nonNat_129_unrelated,0,,,7.252,6.455,6.59,experiment,unrelated,129,nonNat,9.389,22,229,de lepels,0.135,2.137,0.662,,115
,,nonNat_339_control,0,mensen,verstand,2.66,2.062,2.259,experiment,control,339,nonNat,5.492,55,155,,0.197,2.832,0.401,,116
Lijkt Sam erg op zijn moeder?,de boom,Nat_125_unrelated,1,,,4.548,3.981,4.209,experiment,unrelated,125,Nat,5.402,12,129,het plantje,0.228,0.854,0.339,0.0,117
,de badmeester,Nat_41_related,0,,,2.977,2.225,2.368,experiment,related,41,Nat,4.668,11,119,het personeel,0.143,1.691,0.609,,118
,het vak,Nat_142_unrelated,0,,,4.922,3.907,4.048,experiment,unrelated,142,Nat,7.731,12,129,de lesomgeving,0.141,2.809,0.874,,119
,,Nat_308_control,0,telefoon,bedrijf,3.52,2.694,2.824,experiment,control,308,Nat,4.603,55,155,,0.13,1.083,0.696,,120
Gaat de zin over een onbekend liedje?,de radio,nonNat_158_unrelated,1,,,2.079,1.661,1.786,experiment,unrelated,158,nonNat,2.895,22,229,het nieuws,0.125,0.816,0.293,0.0,121
,,Nat_312_control,0,landen,vakantie,2.688,2.182,2.31,experiment,control,312,Nat,5.376,55,155,,0.128,2.688,0.378,,122
,,Nat_318_control,0,onderzoek,invloed,4.884,4.173,4.326,experiment,control,318,Nat,4.896,55,155,,0.153,0.012,0.558,,123
Was er te weinig licht om te lezen in de kamer?,het licht,nonNat_32_unrelated,1,,,3.809,3.35,3.49,experiment,unrelated,32,nonNat,4.585,22,229,de lamp,0.14,0.776,0.319,1.0,124
,,Nat_329_control,0,instapkaart,print,3.979,3.353,3.487,experiment,control,329,Nat,5.104,55,155,,0.134,1.125,0.492,,125
Gaat deze uitdrukking over koeien?,de sloot,Nat_88_related,1,,,3.024,2.583,2.688,experiment,related,88,Nat,3.539,11,119,het meer,0.105,0.515,0.336,0.0,126
Maken kinderen sneeuwengelen in de winter?,de sneeuw,Nat_30_unrelated,1,,,2.113,1.622,1.801,experiment,unrelated,30,Nat,3.206,12,129,het ijs,0.179,1.093,0.312,1.0,127
,het krijt,nonNat_83_unrelated,0,,,4.171,3.554,3.678,experiment,unrelated,83,nonNat,6.099,22,229,de schuld,0.124,1.928,0.493,,128
Had Marc genoeg tijd ingepland om te studeren voor zijn literatuurtentamen?,de samenvatting,Nat_120_unrelated,1,,,5.874,5.343,5.483,experiment,unrelated,120,Nat,9.53,12,129,het verhaal,0.14,3.656,0.391,0.0,129
,,nonNat_354_control,0,buiten,weer,2.252,1.658,1.771,experiment,control,354,nonNat,3.677,55,155,,0.113,1.425,0.481,,130
Wilden ze zijn afstuderen vieren met champagne?,de champagne,Nat_126_related,1,,,5.031,4.255,4.385,experiment,related,126,Nat,6.875,11,119,het feest,0.13,1.844,0.646,0.0,131
,het zeil,nonNat_137_unrelated,0,,,5.441,4.914,5.033,experiment,unrelated,137,nonNat,6.126,22,229,de smiezen,0.119,0.685,0.408,,132
,de trein,Nat_143_unrelated,0,,,5.996,5.385,5.538,experiment,unrelated,143,Nat,6.737,12,129,het fietsje,0.153,0.741,0.458,,133
,,nonNat_351_control,0,vrijwilliger,Nederland,1.445,0.246,0.6,experiment,control,351,nonNat,5.252,55,155,,0.354,3.807,0.845,,134
,het aanrecht,Nat_77_related,0,,,3.712,3.077,3.263,experiment,related,77,Nat,4.241,11,119,de tafel,0.186,0.529,0.449,,135
,,Nat_303_control,0,studenten,studie,1.034,0.179,0.311,experiment,control,303,Nat,4.896,55,155,,0.132,3.862,0.723,,136
,,nonNat_344_control,0,lezen,saai,3.06,2.309,2.766,experiment,control,344,nonNat,3.692,55,155,,0.457,0.632,0.294,,137
Heeft Michael nieuwe boxen gekocht voor zijn tv?,het geluid,Nat_69_related,1,,,4.144,3.615,3.756,experiment,related,69,Nat,5.382,11,119,de muziek,0.141,1.238,0.388,1.0,138
,het balkon,Nat_159_unrelated,0,,,4.52,4.168,4.329,experiment,unrelated,159,Nat,4.891,12,129,de bank,0.161,0.371,0.191,,139
,de post,nonNat_11_unrelated,0,,,5.754,4.754,5.042,experiment,unrelated,11,nonNat,6.819,22,229,het postbedrijf,0.288,1.065,0.712,,140
,,nonNat_360_control,0,onvoldoende,Engels,3.656,2.965,3.153,experiment,control,360,nonNat,4.996,55,155,,0.188,1.34,0.503,,141
,,nonNat_346_control,0,recht,pech,3.133,2.606,2.743,experiment,control,346,nonNat,5.536,55,155,,0.137,2.403,0.39,,142
Was de spreker ziek?,de dokter,Nat_13_related,1,,,3.481,3.091,3.231,experiment,related,13,Nat,4.256,11,119,het ziekenhuis,0.14,0.775,0.25,1.0,143
Ging de zanger in een helicopter terug naar het hotel?,het hotel,Nat_93_related,1,,,3.433,2.91,3.041,experiment,related,93,Nat,4.192,11,119,de zaal,0.131,0.759,0.392,0.0,144
Had Hendrik een DVD gekregen voor zijn verjaardag?,de bioscoop,nonNat_114_related,1,,,6.533,5.896,6.069,experiment,related,114,nonNat,7.206,21,219,het filmhuis,0.173,0.673,0.464,0.0,145
,,nonNat_341_control,0,jongens,giletjes,6.264,5.196,5.48,experiment,control,341,nonNat,6.315,55,155,,0.284,0.051,0.784,,146
,,nonNat_350_control,0,oma's,kinderen,2.93,2.267,2.367,experiment,control,350,nonNat,5.407,55,155,,0.1,2.477,0.563,,147
,,nonNat_353_control,0,baan,landen,2.405,1.92,2.031,experiment,control,353,nonNat,4.397,55,155,,0.111,1.992,0.374,,148
,,Nat_315_control,0,ruimtemissies,jaar,2.069,1.344,1.479,experiment,control,315,Nat,6.144,55,155,,0.135,4.075,0.59,,149
,,Nat_319_control,0,kabinet,toeristen,1.984,1.188,1.291,experiment,control,319,Nat,4.486,55,155,,0.103,2.502,0.693,,150
,,nonNat_343_control,0,introductie,literatuur,4.267,3.678,3.938,experiment,control,343,nonNat,5.262,55,155,,0.26,0.995,0.329,,151
,het internet,Nat_59_related,0,,,5.853,5.245,5.364,experiment,related,59,Nat,7.181,11,119,de websites,0.119,1.328,0.489,,152
,de apotheek,nonNat_54_related,0,,,2.925,2.215,2.357,experiment,related,54,nonNat,4.458,21,219,het kruidvat,0.142,1.533,0.568,,153
,het platteland,Nat_149_related,0,,,6.029,5.341,5.503,experiment,related,149,Nat,6.712,11,119,de velden,0.162,0.683,0.526,,154
,,nonNat_336_control,0,toeristen,land,3.857,2.888,3.308,experiment,control,336,nonNat,6.872,55,155,,0.42,3.015,0.549,,155
Maakte de toneelgroep na afloop van de voorstelling een buiging?,het publiek,nonNat_38_related,1,,,5.052,4.536,4.717,experiment,related,38,nonNat,5.577,21,219,de mensen,0.181,0.525,0.335,1.0,156
Zijn de jongens hout aan het verzamelen voor het kampvuur vanavond?,het kampvuur,nonNat_26_unrelated,1,,,3.818,3.33,3.586,experiment,unrelated,26,nonNat,4.343,22,229,de tocht,0.256,0.525,0.232,1.0,157
,het hart,nonNat_87_related,0,,,7.62,7.026,7.183,experiment,related,87,nonNat,9.313,21,219,de neus,0.157,1.693,0.437,,158
Heeft deze zin iets te maken met hengelsport?,het net,Nat_89_unrelated,1,,,3.607,2.987,3.134,experiment,unrelated,89,Nat,4.8,12,129,de sloot,0.147,1.193,0.473,0.0,159
,,nonNat_356_control,0,Nederland,psychologie,1.979,1.149,1.344,experiment,control,356,nonNat,4.958,55,155,,0.195,2.979,0.635,,160
Leest de vader van de spreker graag de krant op werkdagen?,de krant,Nat_161_related,1,,,2.387,2.012,2.137,experiment,related,161,Nat,3.195,11,119,het magazine,0.125,0.808,0.25,0.0,161
Nemen ze een parasol mee als het mooi weer is?,het strand,Nat_24_related,1,,,3.143,2.557,2.687,experiment,related,24,Nat,4.136,11,119,de rivier,0.13,0.993,0.456,1.0,162
,de airco,Nat_90_unrelated,0,,,3.899,3.322,3.502,experiment,unrelated,90,Nat,4.302,12,129,het ventiel,0.18,0.403,0.397,,163
,,Nat_320_control,0,uitvinding,mensheid,2.055,1.427,1.527,experiment,control,320,Nat,3.843,55,155,,0.1,1.788,0.528,,164
,de balk,nonNat_95_unrelated,0,,,4.738,4.09,4.276,experiment,unrelated,95,nonNat,5.587,22,229,het hout,0.186,0.849,0.462,,165
,de pet,nonNat_97_related,0,,,3.299,2.876,3.074,experiment,related,97,nonNat,3.649,21,219,het hoofd,0.198,0.35,0.225,,166
,,nonNat_342_control,0,autoriteiten,maatregel,7.471,7.038,7.297,experiment,control,342,nonNat,8.19,55,155,,0.259,0.719,0.174,,167
,,nonNat_338_control,0,tv,kijken,0.792,0.33,0.445,experiment,control,338,nonNat,4.686,55,155,,0.115,3.894,0.347,,168
Ging de zin over de maand december?,het jaar,Nat_75_related,1,,,2.031,1.607,1.712,experiment,related,75,Nat,3.773,11,119,de winter,0.105,1.742,0.319,1.0,169
,,nonNat_357_control,0,jaar,wedstrijden,4.986,4.438,4.704,experiment,control,357,nonNat,5.044,55,155,,0.266,0.058,0.282,,170
,de bibliotheek,nonNat_47_related,0,,,4.259,3.502,3.712,experiment,related,47,nonNat,4.981,21,219,het uitleenpunt,0.21,0.722,0.547,,171
,de kapstok,nonNat_57_unrelated,0,,,2.994,2.401,2.525,experiment,unrelated,57,nonNat,3.492,22,229,het haakje,0.124,0.498,0.469,,172
Heeft de werknemer zijn contract getekend voordat er onderhandeld werd?,het contract,Nat_111_unrelated,1,,,2.739,2.253,2.471,experiment,unrelated,111,Nat,4.015,12,129,de brief,0.218,1.276,0.268,0.0,173
,het ontbijt,Nat_28_unrelated,0,,,4.563,4.043,4.214,experiment,unrelated,28,Nat,5.243,12,129,de brunch,0.171,0.68,0.349,,174
Komt Zwarte Piet door het raam naar binnen?,de schoorsteen,nonNat_155_related,1,,,5.347,4.37,4.521,experiment,related,155,nonNat,7.517,21,219,het gangpad,0.151,2.17,0.826,0.0,175
,de film,Nat_157_unrelated,0,,,4.131,3.462,3.632,experiment,unrelated,157,Nat,4.918,12,129,het programma,0.17,0.787,0.499,,176
Draait de nieuwe film van die acteur al?,de bioscoop,nonNat_39_related,1,,,2.569,1.918,2.094,experiment,related,39,nonNat,3.12,21,219,het theater,0.176,0.551,0.475,1.0,177
,,Nat_321_control,0,week,lessen,1.245,0.587,0.778,experiment,control,321,Nat,4.136,55,155,,0.191,2.891,0.467,,178
,,Nat_306_control,0,kast,nachtkastje,0.44,0.016,0.183,experiment,control,306,Nat,5.032,55,155,,0.167,4.592,0.257,,179
