Question,compLower,filename,hasQuestion,newWord1,newWord2,offsetNoun,onsetDet,onsetNoun,part,relatedness,sentID,speaker,totalLen,trigDet,trigOffsetNoun,unrelOppositeGender,waitForDetOffset,waitForEnd,waitForNounOffset,yesOrNo,trialIndex
Kwam de trein op tijd aan in Utrecht?,het station,Nat_136_related,1,,,3.03,2.415,2.52,experiment,related,136,Nat,3.76,11,119,de noordzijde,0.105,0.73,0.51,0.0,1
,,nonNat_344_control,0,lezen,saai,3.06,2.309,2.766,experiment,control,344,nonNat,3.692,55,155,,0.457,0.632,0.294,,2
,,Nat_308_control,0,telefoon,bedrijf,3.52,2.694,2.824,experiment,control,308,Nat,4.603,55,155,,0.13,1.083,0.696,,3
Waren de bejaarden geïnteresseerd in schilderijen van Monet?,het museum,Nat_140_related,1,,,4.311,3.663,3.743,experiment,related,140,Nat,5.48,11,119,de broodwinkel,0.08,1.169,0.568,0.0,4
Ging de zin over de maand december?,het jaar,nonNat_75_unrelated,1,,,2.247,1.708,1.851,experiment,unrelated,75,nonNat,4.301,22,229,de winter,0.143,2.054,0.396,1.0,5
Gaat deze uitdrukking over koeien?,de sloot,nonNat_88_unrelated,1,,,3.504,2.975,3.093,experiment,unrelated,88,nonNat,4.057,22,229,het meer,0.118,0.553,0.411,0.0,6
Was het lekker weer om te gaan picknicken?,het eten,Nat_102_related,1,,,3.612,3.218,3.343,experiment,related,102,Nat,4.237,11,119,de pasta,0.125,0.625,0.269,0.0,7
Is het hip om geld in een sok te bewaren?,de bank,Nat_148_unrelated,1,,,3.804,3.339,3.43,experiment,unrelated,148,Nat,4.139,12,129,het matras,0.091,0.335,0.374,0.0,8
,het geld,Nat_156_related,0,,,3.536,3.189,3.268,experiment,related,156,Nat,4.092,11,119,de briefjes,0.079,0.556,0.268,,9
Verspreidt de koude lucht zich vanuit Rusland?,het land,nonNat_160_unrelated,1,,,4.845,4.103,4.309,experiment,unrelated,160,nonNat,5.377,22,229,de provincies,0.206,0.532,0.536,0.0,10
,de tuinman,nonNat_106_related,0,,,5.388,4.737,4.926,experiment,related,106,nonNat,6.599,21,219,het hulpje,0.189,1.211,0.462,,11
,het vak,nonNat_142_related,0,,,5.098,4.637,4.785,experiment,related,142,nonNat,7.742,21,219,de lesomgeving,0.148,2.644,0.313,,12
,,nonNat_353_control,0,baan,landen,2.405,1.92,2.031,experiment,control,353,nonNat,4.397,55,155,,0.111,1.992,0.374,,13
,,Nat_313_control,0,uitkijkpost,Oceaan,3.097,2.55,2.655,experiment,control,313,Nat,6.168,55,155,,0.105,3.071,0.442,,14
í,,Nat_323_control,0,krant,uitbraak,1.595,1.159,1.305,experiment,control,323,Nat,4.48,55,155,,0.146,2.885,0.29,,15
,de pan,Nat_108_related,0,,,4.256,3.809,4.024,experiment,related,108,Nat,5.8,11,119,het vuur,0.215,1.544,0.232,,16
,de kerk,nonNat_98_related,0,,,3.433,2.912,3.087,experiment,related,98,nonNat,4.212,21,219,het kapelletje,0.175,0.779,0.346,,17
,,Nat_306_control,0,kast,nachtkastje,0.44,0.016,0.183,experiment,control,306,Nat,5.032,55,155,,0.167,4.592,0.257,,18
Was Aafke nog op het schooplein toen de bel ging?,de bel,nonNat_67_related,1,,,3.784,3.393,3.594,experiment,related,67,nonNat,4.38,21,219,het groepje,0.201,0.596,0.19,1.0,19
,,Nat_303_control,0,studenten,studie,1.034,0.179,0.311,experiment,control,303,Nat,4.896,55,155,,0.132,3.862,0.723,,20
Moeten ze vanavond vroeg naar bed?,de wekker,nonNat_34_related,1,,,4.133,3.653,3.768,experiment,related,34,nonNat,5.268,21,219,het alarm,0.115,1.135,0.365,1.0,21
,,Nat_328_control,0,documenten,kwijtraakt,3.277,2.806,2.934,experiment,control,328,Nat,5.552,55,155,,0.128,2.275,0.343,,22
,,nonNat_333_control,0,bevolking,parlement,2.984,2.326,2.417,experiment,control,333,nonNat,4.705,55,155,,0.091,1.721,0.567,,23
,de vergadering,Nat_64_unrelated,0,,,3.003,2.577,2.761,experiment,unrelated,64,Nat,3.597,12,129,het werk,0.184,0.594,0.242,,24
Was er te weinig licht om te lezen in de kamer?,het licht,Nat_32_unrelated,1,,,3.325,2.916,3.025,experiment,unrelated,32,Nat,3.923,12,129,de lamp,0.109,0.598,0.3,1.0,25
Heeft de koning de nieuwe brug geopend?,het lint,nonNat_110_related,1,,,4.725,4.202,4.367,experiment,related,110,nonNat,5.687,21,219,de touwen,0.165,0.962,0.358,0.0,26
,de dierenarts,nonNat_152_related,0,,,2.68,2.026,2.211,experiment,related,152,nonNat,3.331,21,219,het asiel,0.185,0.651,0.469,,27
,de krant,nonNat_16_related,0,,,3.013,2.451,2.629,experiment,related,16,nonNat,4.834,21,219,het nieuws,0.178,1.821,0.384,,28
,de airco,nonNat_90_related,0,,,4.449,3.919,4.101,experiment,related,90,nonNat,4.772,21,219,het ventiel,0.182,0.323,0.348,,29
,,nonNat_346_control,0,recht,pech,3.133,2.606,2.743,experiment,control,346,nonNat,5.536,55,155,,0.137,2.403,0.39,,30
Wilde ze graag haar telefoon opladen?,het stopcontact,Nat_45_related,1,,,4.589,3.766,3.889,experiment,related,45,Nat,5.704,11,119,de computer,0.123,1.115,0.7,1.0,31
,de meterkast,Nat_116_unrelated,0,,,3.795,3.249,3.425,experiment,unrelated,116,Nat,4.349,12,129,het kabinet,0.176,0.554,0.37,,32
,het balkon,nonNat_109_unrelated,0,,,6.154,5.22,5.362,experiment,unrelated,109,nonNat,9.025,22,229,de balustrade,0.142,2.871,0.792,,33
Werd de spreker gelijk geholpen bij de dokter?,de wachtkamer,nonNat_133_unrelated,1,,,3.551,2.846,3.01,experiment,unrelated,133,nonNat,5.659,22,229,het halletje,0.164,2.108,0.541,0.0,34
,,nonNat_343_control,0,introductie,literatuur,4.267,3.678,3.938,experiment,control,343,nonNat,5.262,55,155,,0.26,0.995,0.329,,35
,,Nat_314_control,0,leerlingen,huiswerk,7.395,6.658,6.924,experiment,control,314,Nat,7.402,55,155,,0.266,0.007,0.471,,36
,,Nat_317_control,0,celstraf,raketwerper,0.614,0.01,0.071,experiment,control,317,Nat,5.224,55,155,,0.061,4.61,0.543,,37
,de naald,Nat_107_related,0,,,3.638,3.07,3.21,experiment,related,107,Nat,5.192,11,119,het huis,0.14,1.554,0.428,,38
,,Nat_309_control,0,kinderen,bed,4.494,3.941,4.075,experiment,control,309,Nat,5.998,55,155,,0.134,1.504,0.419,,39
,,Nat_302_control,0,leraren,vakantie,4.913,4.321,4.623,experiment,control,302,Nat,5.546,55,155,,0.302,0.633,0.29,,40
,de lucht,nonNat_80_related,0,,,3.906,3.549,3.66,experiment,related,80,nonNat,4.779,21,219,het water,0.111,0.873,0.246,,41
,,nonNat_360_control,0,onvoldoende,Engels,3.656,2.965,3.153,experiment,control,360,nonNat,4.996,55,155,,0.188,1.34,0.503,,42
Heeft deze zin iets te maken met hengelsport?,het net,Nat_89_unrelated,1,,,3.607,2.987,3.134,experiment,unrelated,89,Nat,4.8,12,129,de sloot,0.147,1.193,0.473,0.0,43
,,nonNat_342_control,0,autoriteiten,maatregel,7.471,7.038,7.297,experiment,control,342,nonNat,8.19,55,155,,0.259,0.719,0.174,,44
,het ontbijt,nonNat_28_unrelated,0,,,4.548,3.995,4.143,experiment,unrelated,28,nonNat,5.217,22,229,de brunch,0.148,0.669,0.405,,45
,,nonNat_331_control,0,oma,sjaals,1.547,0.951,1.198,experiment,control,331,nonNat,5.778,55,155,,0.247,4.231,0.349,,46
Is David een echte gentleman?,de stoel,Nat_17_unrelated,1,,,3.657,3.065,3.217,experiment,unrelated,17,Nat,4.626,12,129,het stoeltje,0.152,0.969,0.44,1.0,47
,,nonNat_347_control,0,maatstaf,tijdschriften,4.964,4.568,4.702,experiment,control,347,nonNat,5.824,55,155,,0.134,0.86,0.262,,48
,,nonNat_358_control,0,jaren,woningnood,2.978,2.391,2.636,experiment,control,358,nonNat,5.016,55,155,,0.245,2.038,0.342,,49
,,Nat_311_control,0,land,skivakantie,3.946,3.47,3.589,experiment,control,311,Nat,6.002,55,155,,0.119,2.056,0.357,,50
Was de spreker ziek?,de dokter,nonNat_13_related,1,,,4.615,3.949,4.225,experiment,related,13,nonNat,5.81,21,219,het ziekenhuis,0.276,1.195,0.39,1.0,51
,,Nat_327_control,0,vrouw,huis,3.834,3.0,3.529,experiment,control,327,Nat,5.216,55,155,,0.529,1.382,0.305,,52
,,nonNat_350_control,0,oma's,kinderen,2.93,2.267,2.367,experiment,control,350,nonNat,5.407,55,155,,0.1,2.477,0.563,,53
Gingen de dames nog wat drinken?,het cafe,Nat_68_related,1,,,3.467,2.892,3.042,experiment,related,68,Nat,4.695,11,119,de lunchroom,0.15,1.228,0.425,1.0,54
Was het rustig op de weg naar Zandvoort?,het strand,nonNat_144_unrelated,1,,,5.044,4.677,4.769,experiment,unrelated,144,nonNat,5.724,22,229,de zee,0.092,0.68,0.275,0.0,55
,,Nat_326_control,0,koeien,gras,1.987,1.606,1.684,experiment,control,326,Nat,7.568,55,155,,0.078,5.581,0.303,,56
,,Nat_307_control,0,collega,raam,1.941,1.561,1.613,experiment,control,307,Nat,5.2,55,155,,0.052,3.259,0.328,,57
,,Nat_304_control,0,vakken,studie,1.051,0.428,0.515,experiment,control,304,Nat,4.264,55,155,,0.087,3.213,0.536,,58
,de fiets,Nat_4_unrelated,0,,,2.7,2.138,2.362,experiment,unrelated,4,Nat,4.125,12,129,het paard,0.224,1.425,0.338,,59
,het bord,nonNat_22_unrelated,0,,,4.09,3.096,3.243,experiment,unrelated,22,nonNat,5.114,22,229,de antwoordvellen,0.147,1.024,0.847,,60
Zijn Jim en Roos vegetarisch?,het restaurant,nonNat_124_related,1,,,4.613,3.858,4.006,experiment,related,124,nonNat,5.822,21,219,de bistro,0.148,1.209,0.607,0.0,61
,de pot,nonNat_122_unrelated,0,,,4.607,3.858,4.055,experiment,unrelated,122,nonNat,5.832,22,229,het toilet,0.197,1.225,0.552,,62
,het verkeer,Nat_63_related,0,,,2.162,1.614,1.726,experiment,related,63,Nat,3.467,11,119,de wijk,0.112,1.305,0.436,,63
Had Hendrik een DVD gekregen voor zijn verjaardag?,de bioscoop,nonNat_114_unrelated,1,,,6.589,5.896,6.004,experiment,unrelated,114,nonNat,7.356,22,229,het filmhuis,0.108,0.767,0.585,0.0,64
Werden de kaartjes gecontroleerd in de bus?,de conducteur,Nat_131_unrelated,1,,,3.331,2.815,2.962,experiment,unrelated,131,Nat,4.378,12,129,het mannetje,0.147,1.047,0.369,0.0,65
,,nonNat_357_control,0,jaar,wedstrijden,4.986,4.438,4.704,experiment,control,357,nonNat,5.044,55,155,,0.266,0.058,0.282,,66
,het lijf,Nat_101_related,0,,,3.117,2.649,2.78,experiment,related,101,Nat,4.333,11,119,de maag,0.131,1.216,0.337,,67
,de schat,Nat_5_unrelated,0,,,3.575,3.03,3.165,experiment,unrelated,5,Nat,4.413,12,129,het pakketje,0.135,0.838,0.41,,68
,,nonNat_337_control,0,film,personages,5.353,4.52,4.735,experiment,control,337,nonNat,8.055,55,155,,0.215,2.702,0.618,,69
,,nonNat_340_control,0,salade,pompoen,3.964,3.096,3.307,experiment,control,340,nonNat,6.734,55,155,,0.211,2.77,0.657,,70
,de politie,nonNat_147_related,0,,,3.776,3.141,3.286,experiment,related,147,nonNat,5.836,21,219,het bedrijf,0.145,2.06,0.49,,71
,het balkon,Nat_159_related,0,,,4.703,4.168,4.323,experiment,related,159,Nat,5.097,11,119,de bank,0.155,0.394,0.38,,72
,,Nat_319_control,0,kabinet,toeristen,1.984,1.188,1.291,experiment,control,319,Nat,4.486,55,155,,0.103,2.502,0.693,,73
,het schoolplein,nonNat_27_unrelated,0,,,3.205,2.82,2.92,experiment,unrelated,27,nonNat,4.244,22,229,de stoep,0.1,1.039,0.285,,74
,,Nat_318_control,0,onderzoek,invloed,4.884,4.173,4.326,experiment,control,318,Nat,4.896,55,155,,0.153,0.012,0.558,,75
,het antwoord,nonNat_23_related,0,,,3.397,2.817,3.0,experiment,related,23,nonNat,4.226,21,219,de reactie,0.183,0.829,0.397,,76
Heeft de spreker een kerstboom met Kerst?,de cadeautjes,Nat_9_related,1,,,3.408,2.675,2.831,experiment,related,9,Nat,4.659,11,119,het pakje,0.156,1.251,0.577,1.0,77
Komt Zwarte Piet door het raam naar binnen?,de schoorsteen,Nat_155_unrelated,1,,,4.52,3.932,4.055,experiment,unrelated,155,Nat,6.385,12,129,het gangpad,0.123,1.865,0.465,0.0,78
,,Nat_310_control,0,attractiepark,Efteling,5.395,4.402,4.654,experiment,control,310,Nat,5.408,55,155,,0.252,0.013,0.741,,79
Staan de boeken die de spreker gelezen heeft op de onderste plank in de kast?,de kast,Nat_29_unrelated,1,,,2.477,1.994,2.14,experiment,unrelated,29,Nat,3.201,12,129,het bureau,0.146,0.724,0.337,1.0,80
,de film,nonNat_157_related,0,,,4.459,4.098,4.182,experiment,related,157,nonNat,5.383,21,219,het programma,0.084,0.924,0.277,,81
,het slot,Nat_141_related,0,,,2.776,2.354,2.454,experiment,related,141,Nat,3.683,11,119,de deur,0.1,0.907,0.322,,82
,,Nat_322_control,0,directeur,winstmarge,2.661,1.9,2.007,experiment,control,322,Nat,4.224,55,155,,0.107,1.563,0.654,,83
,,nonNat_359_control,0,apen,broodje,5.402,4.874,5.0,experiment,control,359,nonNat,5.456,55,155,,0.126,0.054,0.402,,84
Heeft de spreker een hekel aan dieren?,de dierentuin,nonNat_123_unrelated,1,,,4.395,3.53,3.634,experiment,unrelated,123,nonNat,6.022,22,229,het reservaat,0.104,1.627,0.761,0.0,85
,het aanrecht,Nat_77_unrelated,0,,,3.601,3.077,3.272,experiment,unrelated,77,Nat,4.232,12,129,de tafel,0.195,0.631,0.329,,86
,,nonNat_352_control,0,Olympische Spelen,Rio de Janeiro,3.109,1.455,1.959,experiment,control,352,nonNat,5.796,55,155,,0.504,2.687,1.15,,87
,het bestek,nonNat_129_unrelated,0,,,7.252,6.455,6.59,experiment,unrelated,129,nonNat,9.389,22,229,de lepels,0.135,2.137,0.662,,88
,de mouw,nonNat_94_unrelated,0,,,5.194,4.607,4.701,experiment,unrelated,94,nonNat,8.832,22,229,het vest,0.094,3.638,0.493,,89
,de pet,nonNat_97_related,0,,,3.299,2.876,3.074,experiment,related,97,nonNat,3.649,21,219,het hoofd,0.198,0.35,0.225,,90
,de hoek,Nat_84_unrelated,0,,,5.528,4.825,5.04,experiment,unrelated,84,Nat,6.627,12,129,het kamertje,0.215,1.099,0.488,,91
Draait de nieuwe film van die acteur al?,de bioscoop,Nat_39_related,1,,,2.431,1.791,1.95,experiment,related,39,Nat,2.98,11,119,het theater,0.159,0.549,0.481,1.0,92
,de gordijnen,Nat_46_unrelated,0,,,3.643,3.299,3.439,experiment,unrelated,46,Nat,4.176,12,129,het luik,0.14,0.533,0.204,,93
Was de prinses opgesloten in de kelder?,de draak,nonNat_103_related,1,,,4.354,3.74,3.926,experiment,related,103,nonNat,6.493,21,219,het leger,0.186,2.139,0.428,0.0,94
,,nonNat_355_control,0,zoon,buitenland,2.699,2.227,2.444,experiment,control,355,nonNat,4.376,55,155,,0.217,1.677,0.255,,95
Lijkt Sam erg op zijn moeder?,de boom,Nat_125_related,1,,,4.458,3.981,4.161,experiment,related,125,Nat,5.236,11,119,het plantje,0.18,0.778,0.297,0.0,96
Is de student vroeg naar bed gegaan voor zijn tentamen de volgende morgen?,het tentamen,Nat_118_related,1,,,2.219,1.63,1.795,experiment,related,118,Nat,3.334,11,119,de opdracht,0.165,1.115,0.424,0.0,97
Werkt de lift bij brand?,de lift,Nat_145_unrelated,1,,,2.154,1.866,1.982,experiment,unrelated,145,Nat,3.117,12,129,het dak,0.116,0.963,0.172,0.0,98
,het woordenboek,nonNat_62_unrelated,0,,,3.895,2.79,2.929,experiment,unrelated,62,nonNat,5.176,22,229,de encyclopedie,0.139,1.281,0.966,,99
Ging de zin over vleesproducten?,de koelkast,Nat_150_unrelated,1,,,3.097,2.394,2.509,experiment,unrelated,150,Nat,4.674,12,129,het vriesvak,0.115,1.577,0.588,0.0,100
,,nonNat_338_control,0,tv,kijken,0.792,0.33,0.445,experiment,control,338,nonNat,4.686,55,155,,0.115,3.894,0.347,,101
Ging de zin over een fietstocht door de Alpen?,de berg,nonNat_104_unrelated,1,,,2.586,2.047,2.224,experiment,unrelated,104,nonNat,3.866,22,229,het pad,0.177,1.28,0.362,0.0,102
,de afwas,nonNat_20_related,0,,,3.85,3.182,3.36,experiment,related,20,nonNat,4.626,21,219,het huishouden,0.178,0.776,0.49,,103
Werd het bestek in de onderste lade bewaard?,het bestek,nonNat_151_unrelated,1,,,3.994,3.463,3.605,experiment,unrelated,151,nonNat,5.107,22,229,de glazen,0.142,1.113,0.389,0.0,104
Gaat de zin over een onbekend liedje?,de radio,Nat_158_related,1,,,2.355,1.831,1.927,experiment,related,158,Nat,3.257,11,119,het nieuws,0.096,0.902,0.428,0.0,105
,,nonNat_351_control,0,vrijwilliger,Nederland,1.445,0.246,0.6,experiment,control,351,nonNat,5.252,55,155,,0.354,3.807,0.845,,106
Had het sprookje een goed einde?,het sprookje,Nat_50_related,1,,,3.127,2.504,2.619,experiment,related,50,Nat,4.543,11,119,de trilogie,0.115,1.416,0.508,1.0,107
,,nonNat_354_control,0,buiten,weer,2.252,1.658,1.771,experiment,control,354,nonNat,3.677,55,155,,0.113,1.425,0.481,,108
,,Nat_305_control,0,ontbijt,boterham,3.347,2.76,2.896,experiment,control,305,Nat,4.005,55,155,,0.136,0.658,0.451,,109
,het hart,nonNat_87_unrelated,0,,,7.653,7.026,7.195,experiment,unrelated,87,nonNat,9.385,22,229,de neus,0.169,1.732,0.458,,110
Heeft het team de laatste wedstrijd gewonnen?,de taart,Nat_43_unrelated,1,,,3.365,2.869,3.005,experiment,unrelated,43,Nat,4.204,12,129,het ijsje,0.136,0.839,0.36,1.0,111
,de economie,nonNat_154_related,0,,,6.155,5.543,5.695,experiment,related,154,nonNat,6.826,21,219,het geluk,0.152,0.671,0.46,,112
,het platteland,Nat_149_unrelated,0,,,5.837,5.341,5.428,experiment,unrelated,149,Nat,6.583,12,129,de velden,0.087,0.746,0.409,,113
,het bos,nonNat_25_unrelated,0,,,4.118,3.441,3.606,experiment,unrelated,25,nonNat,5.767,22,229,de straat,0.165,1.649,0.512,,114
,de trein,nonNat_143_unrelated,0,,,6.135,5.502,5.631,experiment,unrelated,143,nonNat,6.896,22,229,het fietsje,0.129,0.761,0.504,,115
,de zon,nonNat_121_related,0,,,3.414,2.952,3.084,experiment,related,121,nonNat,5.264,21,219,het zand,0.132,1.85,0.33,,116
Heeft de werknemer zijn contract getekend voordat er onderhandeld werd?,het contract,nonNat_111_unrelated,1,,,3.895,3.285,3.508,experiment,unrelated,111,nonNat,5.26,22,229,de brief,0.223,1.365,0.387,0.0,117
,de apotheek,nonNat_54_related,0,,,2.925,2.215,2.357,experiment,related,54,nonNat,4.458,21,219,het kruidvat,0.142,1.533,0.568,,118
,het krijt,Nat_83_unrelated,0,,,4.787,4.195,4.293,experiment,unrelated,83,Nat,6.674,12,129,de schuld,0.098,1.887,0.494,,119
,het zeil,nonNat_137_unrelated,0,,,5.441,4.914,5.033,experiment,unrelated,137,nonNat,6.126,22,229,de smiezen,0.119,0.685,0.408,,120
Was de portemonnee van Martijn gestolen?,de politie,nonNat_42_unrelated,1,,,5.087,3.965,4.214,experiment,unrelated,42,nonNat,6.219,22,229,het politiebureau,0.249,1.132,0.873,1.0,121
,,nonNat_349_control,0,horeca,leeftijdsgrens,0.77,0.065,0.152,experiment,control,349,nonNat,6.469,55,155,,0.087,5.699,0.618,,122
,de post,Nat_11_unrelated,0,,,4.963,4.075,4.258,experiment,unrelated,11,Nat,5.853,12,129,het postbedrijf,0.183,0.89,0.705,,123
Is Andre de nieuwe coach van het team?,het team,Nat_10_unrelated,1,,,1.702,1.302,1.446,experiment,unrelated,10,Nat,2.685,12,129,de groep,0.144,0.983,0.256,1.0,124
,,nonNat_334_control,0,boekenwinkels,jaren,5.39,4.902,5.122,experiment,control,334,nonNat,6.538,55,155,,0.22,1.148,0.268,,125
,de bibliotheek,nonNat_47_unrelated,0,,,4.394,3.502,3.714,experiment,unrelated,47,nonNat,5.004,22,229,het uitleenpunt,0.212,0.61,0.68,,126
,,Nat_301_control,0,werk,woensdag,1.67,1.249,1.369,experiment,control,301,Nat,4.195,55,155,,0.12,2.525,0.301,,127
,,Nat_316_control,0,amateurs,stunt,4.114,3.541,3.686,experiment,control,316,Nat,4.12,55,155,,0.145,0.006,0.428,,128
Maken kinderen sneeuwengelen in de winter?,de sneeuw,Nat_30_unrelated,1,,,2.113,1.622,1.801,experiment,unrelated,30,Nat,3.206,12,129,het ijs,0.179,1.093,0.312,1.0,129
Is er een muizenplaag in het studentenhuis?,de muizen,Nat_49_related,1,,,2.721,2.226,2.4,experiment,related,49,Nat,3.211,11,119,het knaagdier,0.174,0.49,0.321,1.0,130
Betalen de meeste mensen huur per jaar?,de maand,nonNat_92_unrelated,1,,,4.051,3.598,3.739,experiment,unrelated,92,nonNat,4.862,22,229,het jaar,0.141,0.811,0.312,0.0,131
,,Nat_315_control,0,ruimtemissies,jaar,2.069,1.344,1.479,experiment,control,315,Nat,6.144,55,155,,0.135,4.075,0.59,,132
,,Nat_321_control,0,week,lessen,1.245,0.587,0.778,experiment,control,321,Nat,4.136,55,155,,0.191,2.891,0.467,,133
Leest de vader van de spreker graag de krant op werkdagen?,de krant,Nat_161_related,1,,,2.387,2.012,2.137,experiment,related,161,Nat,3.195,11,119,het magazine,0.125,0.808,0.25,0.0,134
,de balk,nonNat_95_related,0,,,4.627,4.09,4.288,experiment,related,95,nonNat,5.542,21,219,het hout,0.198,0.915,0.339,,135
Ging de zanger in een helicopter terug naar het hotel?,het hotel,nonNat_93_unrelated,1,,,4.156,3.639,3.816,experiment,unrelated,93,nonNat,4.925,22,229,de zaal,0.177,0.769,0.34,0.0,136
,de gevangenis,Nat_153_related,0,,,3.02,2.316,2.409,experiment,related,153,Nat,3.544,11,119,het boevenhok,0.093,0.524,0.611,,137
Ging de zin een lastdier dat in de woestijn leeft?,de kameel,nonNat_85_related,1,,,3.998,3.415,3.563,experiment,related,85,nonNat,5.028,21,219,het trekpaard,0.148,1.03,0.435,1.0,138
,het internet,Nat_59_unrelated,0,,,5.974,5.245,5.351,experiment,unrelated,59,Nat,7.184,12,129,de websites,0.106,1.21,0.623,,139
,,Nat_329_control,0,instapkaart,print,3.979,3.353,3.487,experiment,control,329,Nat,5.104,55,155,,0.134,1.125,0.492,,140
Heeft de spreker het over een poster van zijn lievelingsband?,de muur,Nat_58_related,1,,,3.788,3.403,3.503,experiment,related,58,Nat,5.252,11,119,het plafond,0.1,1.464,0.285,1.0,141
,de kinderwagen,Nat_134_related,0,,,3.347,2.585,2.755,experiment,related,134,Nat,4.16,11,119,het zonnetje,0.17,0.813,0.592,,142
,het casino,Nat_66_related,0,,,2.477,1.821,1.961,experiment,related,66,Nat,4.114,11,119,de bar,0.14,1.637,0.516,,143
Bergt de juwelier de sieraden 's nachts op op een veilige plek?,de kluis,Nat_44_related,1,,,3.142,2.657,2.805,experiment,related,44,Nat,4.223,11,119,het doosje,0.148,1.081,0.337,1.0,144
,de wolf,Nat_79_unrelated,0,,,4.059,3.632,3.827,experiment,unrelated,79,Nat,4.512,12,129,het dier,0.195,0.453,0.232,,145
,,nonNat_348_control,0,aanwijzingen,gelukkiger,2.715,1.777,2.02,experiment,control,348,nonNat,5.731,55,155,,0.243,3.016,0.695,,146
Gaat de spreker in de zomer graag zwemmen?,het zwembad,Nat_6_unrelated,1,,,3.836,3.175,3.304,experiment,unrelated,6,Nat,4.824,12,129,de badkuip,0.129,0.988,0.532,1.0,147
,de kapstok,nonNat_57_related,0,,,3.07,2.401,2.603,experiment,related,57,nonNat,3.566,21,219,het haakje,0.202,0.496,0.467,,148
Is het belangrijk om goed op het verkeer te letten als je in de auto rijdt?,de weg,Nat_21_unrelated,1,,,2.817,2.353,2.445,experiment,unrelated,21,Nat,3.753,12,129,het verkeer,0.092,0.936,0.372,1.0,149
,de thee,nonNat_7_related,0,,,6.083,5.601,5.833,experiment,related,7,nonNat,6.935,21,219,het drankje,0.232,0.852,0.25,,150
,,Nat_300_control,0,conferentie,Londen,1.205,0.66,0.783,experiment,control,300,Nat,2.657,55,155,,0.123,1.452,0.422,,151
Wilden ze zijn afstuderen vieren met champagne?,de champagne,Nat_126_related,1,,,5.031,4.255,4.385,experiment,related,126,Nat,6.875,11,119,het feest,0.13,1.844,0.646,0.0,152
,,nonNat_341_control,0,jongens,giletjes,6.264,5.196,5.48,experiment,control,341,nonNat,6.315,55,155,,0.284,0.051,0.784,,153
Maakte de toneelgroep na afloop van de voorstelling een buiging?,het publiek,Nat_38_unrelated,1,,,4.443,3.995,4.114,experiment,unrelated,38,Nat,4.984,12,129,de mensen,0.119,0.541,0.329,1.0,154
,de wereld,Nat_132_unrelated,0,,,3.237,2.46,2.612,experiment,unrelated,132,Nat,5.454,12,129,het paradijs,0.152,2.217,0.625,,155
Had Marc genoeg tijd ingepland om te studeren voor zijn literatuurtentamen?,de samenvatting,nonNat_120_unrelated,1,,,5.942,5.356,5.511,experiment,unrelated,120,nonNat,9.366,22,229,het verhaal,0.155,3.424,0.431,0.0,156
Heeft Michael nieuwe boxen gekocht voor zijn tv?,het geluid,nonNat_69_related,1,,,3.853,3.339,3.463,experiment,related,69,nonNat,5.183,21,219,de muziek,0.124,1.33,0.39,1.0,157
Kijken de ouders elke avond het achtuurjournaal?,het journaal,nonNat_33_unrelated,1,,,5.551,4.717,4.82,experiment,unrelated,33,nonNat,8.214,22,229,de nieuwsberichten,0.103,2.663,0.731,1.0,158
,,nonNat_335_control,0,vluchtelingenstroom,grenscontroles,3.544,2.192,2.734,experiment,control,335,nonNat,8.077,55,155,,0.542,4.533,0.81,,159
,,Nat_320_control,0,uitvinding,mensheid,2.055,1.427,1.527,experiment,control,320,Nat,3.843,55,155,,0.1,1.788,0.528,,160
,,nonNat_330_control,0,speelgoed,lego,7.41,6.629,6.774,experiment,control,330,nonNat,7.541,55,155,,0.145,0.131,0.636,,161
,,Nat_324_control,0,hulpverleners,mijn,3.468,2.747,2.823,experiment,control,324,Nat,6.08,55,155,,0.076,2.612,0.645,,162
,,nonNat_356_control,0,Nederland,psychologie,1.979,1.149,1.344,experiment,control,356,nonNat,4.958,55,155,,0.195,2.979,0.635,,163
Nemen ze een parasol mee als het mooi weer is?,het strand,Nat_24_related,1,,,3.143,2.557,2.687,experiment,related,24,Nat,4.136,11,119,de rivier,0.13,0.993,0.456,1.0,164
,de badmeester,nonNat_41_related,0,,,3.516,2.635,2.817,experiment,related,41,nonNat,5.203,21,219,het personeel,0.182,1.687,0.699,,165
Hebben ze een hoop post gekregen terwijl we op vakantie waren?,de brievenbus,nonNat_31_related,1,,,3.698,3.008,3.133,experiment,related,31,nonNat,4.135,21,219,het postvakje,0.125,0.437,0.565,1.0,166
,de spiegel,Nat_74_related,0,,,3.165,2.697,2.798,experiment,related,74,Nat,3.793,11,119,het raam,0.101,0.628,0.367,,167
Gaat de spreker wel eens op vakantie?,het vliegtuig,nonNat_51_unrelated,1,,,3.253,2.694,2.801,experiment,unrelated,51,nonNat,4.137,22,229,de auto,0.107,0.884,0.452,1.0,168
,,nonNat_339_control,0,mensen,verstand,2.66,2.062,2.259,experiment,control,339,nonNat,5.492,55,155,,0.197,2.832,0.401,,169
Zijn de jongens hout aan het verzamelen voor het kampvuur vanavond?,het kampvuur,nonNat_26_unrelated,1,,,3.818,3.33,3.586,experiment,unrelated,26,nonNat,4.343,22,229,de tocht,0.256,0.525,0.232,1.0,170
,,Nat_325_control,0,kinderen,school,0.503,0.005,0.162,experiment,control,325,Nat,5.752,55,155,,0.157,5.249,0.341,,171
Had Hans het weer gecheckt voordat hij vertrok?,de auto,Nat_12_unrelated,1,,,2.461,1.991,2.161,experiment,unrelated,12,Nat,4.743,12,129,het busje,0.17,2.282,0.3,1.0,172
,de oven,nonNat_8_related,0,,,3.402,2.846,2.986,experiment,related,8,nonNat,4.638,21,219,het fornuis,0.14,1.236,0.416,,173
,,nonNat_336_control,0,toeristen,land,3.857,2.888,3.308,experiment,control,336,nonNat,6.872,55,155,,0.42,3.015,0.549,,174
Heb je de bus gehaald?,de auto,Nat_146_related,1,,,2.547,2.233,2.299,experiment,related,146,Nat,3.182,11,119,het taxibedrijf,0.066,0.635,0.248,0.0,175
Zetten ze altijd een zwembad op als het warm is?,de tuin,nonNat_40_related,1,,,3.72,3.217,3.45,experiment,related,40,nonNat,4.705,21,219,het park,0.233,0.985,0.27,1.0,176
Werd de gladheid aangekondigd op de televisie?,de wind,Nat_100_related,1,,,5.301,4.871,4.994,experiment,related,100,Nat,6.59,11,119,het gezicht,0.123,1.289,0.307,0.0,177
,,Nat_312_control,0,landen,vakantie,2.688,2.182,2.31,experiment,control,312,Nat,5.376,55,155,,0.128,2.688,0.378,,178
,,nonNat_332_control,0,invoering,restaurants,2.113,1.234,1.421,experiment,control,332,nonNat,6.836,55,155,,0.187,4.723,0.692,,179
