Question,compLower,filename,hasQuestion,newWord1,newWord2,offsetNoun,onsetDet,onsetNoun,part,relatedness,sentID,speaker,totalLen,trigDet,trigOffsetNoun,unrelOppositeGender,waitForDetOffset,waitForEnd,waitForNounOffset,yesOrNo,trialIndex
Komt Zwarte Piet door het raam naar binnen?,de schoorsteen,nonNat_155_unrelated,1,,,5.076,4.37,4.556,experiment,unrelated,155,nonNat,7.247,22,229,het gangpad,0.186,2.171,0.52,0.0,1
Had het sprookje een goed einde?,het sprookje,nonNat_50_unrelated,1,,,3.798,3.041,3.196,experiment,unrelated,50,nonNat,5.403,22,229,de trilogie,0.155,1.605,0.602,1.0,2
,,Nat_315_control,0,ruimtemissies,jaar,2.069,1.344,1.479,experiment,control,315,Nat,6.144,55,155,,0.135,4.075,0.59,,3
Gingen de dames nog wat drinken?,het cafe,nonNat_68_unrelated,1,,,4.063,3.149,3.319,experiment,unrelated,68,nonNat,5.432,22,229,de lunchroom,0.17,1.369,0.744,1.0,4
,,nonNat_338_control,0,tv,kijken,0.792,0.33,0.445,experiment,control,338,nonNat,4.686,55,155,,0.115,3.894,0.347,,5
,het aanrecht,Nat_77_unrelated,0,,,3.601,3.077,3.272,experiment,unrelated,77,Nat,4.232,12,129,de tafel,0.195,0.631,0.329,,6
Heeft de spreker een hekel aan dieren?,de dierentuin,nonNat_123_related,1,,,4.348,3.53,3.712,experiment,related,123,nonNat,5.851,21,219,het reservaat,0.182,1.503,0.636,0.0,7
,,nonNat_357_control,0,jaar,wedstrijden,4.986,4.438,4.704,experiment,control,357,nonNat,5.044,55,155,,0.266,0.058,0.282,,8
Lijkt Sam erg op zijn moeder?,de boom,nonNat_125_unrelated,1,,,5.625,5.013,5.218,experiment,unrelated,125,nonNat,6.643,22,229,het plantje,0.205,1.018,0.407,0.0,9
Was de spreker ziek?,de dokter,Nat_13_related,1,,,3.481,3.091,3.231,experiment,related,13,Nat,4.256,11,119,het ziekenhuis,0.14,0.775,0.25,1.0,10
,,Nat_305_control,0,ontbijt,boterham,3.347,2.76,2.896,experiment,control,305,Nat,4.005,55,155,,0.136,0.658,0.451,,11
,,Nat_318_control,0,onderzoek,invloed,4.884,4.173,4.326,experiment,control,318,Nat,4.896,55,155,,0.153,0.012,0.558,,12
,de apotheek,Nat_54_unrelated,0,,,2.708,2.068,2.247,experiment,unrelated,54,Nat,3.88,12,129,het kruidvat,0.179,1.172,0.461,,13
,de economie,Nat_154_related,0,,,3.972,3.451,3.573,experiment,related,154,Nat,4.543,11,119,het geluk,0.122,0.571,0.399,,14
,,Nat_308_control,0,telefoon,bedrijf,3.52,2.694,2.824,experiment,control,308,Nat,4.603,55,155,,0.13,1.083,0.696,,15
,,nonNat_343_control,0,introductie,literatuur,4.267,3.678,3.938,experiment,control,343,nonNat,5.262,55,155,,0.26,0.995,0.329,,16
,,nonNat_337_control,0,film,personages,5.353,4.52,4.735,experiment,control,337,nonNat,8.055,55,155,,0.215,2.702,0.618,,17
,,Nat_316_control,0,amateurs,stunt,4.114,3.541,3.686,experiment,control,316,Nat,4.12,55,155,,0.145,0.006,0.428,,18
Heeft de spreker het over een poster van zijn lievelingsband?,de muur,Nat_58_related,1,,,3.788,3.403,3.503,experiment,related,58,Nat,5.252,11,119,het plafond,0.1,1.464,0.285,1.0,19
Was het lekker weer om te gaan picknicken?,het eten,Nat_102_related,1,,,3.612,3.218,3.343,experiment,related,102,Nat,4.237,11,119,de pasta,0.125,0.625,0.269,0.0,20
Gaat de spreker wel eens op vakantie?,het vliegtuig,nonNat_51_unrelated,1,,,3.253,2.694,2.801,experiment,unrelated,51,nonNat,4.137,22,229,de auto,0.107,0.884,0.452,1.0,21
Draait de nieuwe film van die acteur al?,de bioscoop,nonNat_39_unrelated,1,,,2.465,1.918,2.061,experiment,unrelated,39,nonNat,3.041,22,229,het theater,0.143,0.576,0.404,1.0,22
,,nonNat_356_control,0,Nederland,psychologie,1.979,1.149,1.344,experiment,control,356,nonNat,4.958,55,155,,0.195,2.979,0.635,,23
,het ontbijt,nonNat_28_related,0,,,4.628,3.995,4.238,experiment,related,28,nonNat,5.213,21,219,de brunch,0.243,0.585,0.39,,24
Nemen ze een parasol mee als het mooi weer is?,het strand,nonNat_24_unrelated,1,,,3.627,3.019,3.175,experiment,unrelated,24,nonNat,4.796,22,229,de rivier,0.156,1.169,0.452,1.0,25
Betalen de meeste mensen huur per jaar?,de maand,nonNat_92_unrelated,1,,,4.051,3.598,3.739,experiment,unrelated,92,nonNat,4.862,22,229,het jaar,0.141,0.811,0.312,0.0,26
,de airco,nonNat_90_unrelated,0,,,4.574,3.919,4.101,experiment,unrelated,90,nonNat,4.886,22,229,het ventiel,0.182,0.312,0.473,,27
Was het rustig op de weg naar Zandvoort?,het strand,Nat_144_related,1,,,4.769,4.333,4.419,experiment,related,144,Nat,5.376,11,119,de zee,0.086,0.607,0.35,0.0,28
,de zon,nonNat_121_related,0,,,3.414,2.952,3.084,experiment,related,121,nonNat,5.264,21,219,het zand,0.132,1.85,0.33,,29
Is het hip om geld in een sok te bewaren?,de bank,Nat_148_related,1,,,3.678,3.339,3.487,experiment,related,148,Nat,4.054,11,119,het matras,0.148,0.376,0.191,0.0,30
Moeten ze vanavond vroeg naar bed?,de wekker,nonNat_34_unrelated,1,,,4.328,3.653,3.907,experiment,unrelated,34,nonNat,5.374,22,229,het alarm,0.254,1.046,0.421,1.0,31
Heeft het team de laatste wedstrijd gewonnen?,de taart,nonNat_43_related,1,,,4.151,3.623,3.842,experiment,related,43,nonNat,5.296,21,219,het ijsje,0.219,1.145,0.309,1.0,32
,de krant,nonNat_16_unrelated,0,,,2.982,2.451,2.598,experiment,unrelated,16,nonNat,4.806,22,229,het nieuws,0.147,1.824,0.384,,33
,,Nat_311_control,0,land,skivakantie,3.946,3.47,3.589,experiment,control,311,Nat,6.002,55,155,,0.119,2.056,0.357,,34
,de spiegel,Nat_74_related,0,,,3.165,2.697,2.798,experiment,related,74,Nat,3.793,11,119,het raam,0.101,0.628,0.367,,35
,de wolf,Nat_79_unrelated,0,,,4.059,3.632,3.827,experiment,unrelated,79,Nat,4.512,12,129,het dier,0.195,0.453,0.232,,36
Ging de zanger in een helicopter terug naar het hotel?,het hotel,nonNat_93_related,1,,,4.218,3.639,3.819,experiment,related,93,nonNat,4.975,21,219,de zaal,0.18,0.757,0.399,0.0,37
,het bestek,Nat_129_related,0,,,5.513,4.963,5.116,experiment,related,129,Nat,7.027,11,119,de lepels,0.153,1.514,0.397,,38
,het platteland,Nat_149_unrelated,0,,,5.837,5.341,5.428,experiment,unrelated,149,Nat,6.583,12,129,de velden,0.087,0.746,0.409,,39
Maken kinderen sneeuwengelen in de winter?,de sneeuw,Nat_30_unrelated,1,,,2.113,1.622,1.801,experiment,unrelated,30,Nat,3.206,12,129,het ijs,0.179,1.093,0.312,1.0,40
,,nonNat_358_control,0,jaren,woningnood,2.978,2.391,2.636,experiment,control,358,nonNat,5.016,55,155,,0.245,2.038,0.342,,41
,,nonNat_346_control,0,recht,pech,3.133,2.606,2.743,experiment,control,346,nonNat,5.536,55,155,,0.137,2.403,0.39,,42
Heeft de werknemer zijn contract getekend voordat er onderhandeld werd?,het contract,nonNat_111_unrelated,1,,,3.895,3.285,3.508,experiment,unrelated,111,nonNat,5.26,22,229,de brief,0.223,1.365,0.387,0.0,43
,,nonNat_331_control,0,oma,sjaals,1.547,0.951,1.198,experiment,control,331,nonNat,5.778,55,155,,0.247,4.231,0.349,,44
,,nonNat_333_control,0,bevolking,parlement,2.984,2.326,2.417,experiment,control,333,nonNat,4.705,55,155,,0.091,1.721,0.567,,45
,de hoek,nonNat_84_related,0,,,6.967,6.526,6.676,experiment,related,84,nonNat,8.237,21,219,het kamertje,0.15,1.27,0.291,,46
Kijken de ouders elke avond het achtuurjournaal?,het journaal,nonNat_33_related,1,,,5.408,4.717,4.831,experiment,related,33,nonNat,7.864,21,219,de nieuwsberichten,0.114,2.456,0.577,1.0,47
Had Marc genoeg tijd ingepland om te studeren voor zijn literatuurtentamen?,de samenvatting,Nat_120_related,1,,,6.122,5.343,5.445,experiment,related,120,Nat,9.376,11,119,het verhaal,0.102,3.254,0.677,0.0,48
,het balkon,Nat_159_unrelated,0,,,4.52,4.168,4.329,experiment,unrelated,159,Nat,4.891,12,129,de bank,0.161,0.371,0.191,,49
,de kapstok,Nat_57_related,0,,,2.483,1.968,2.129,experiment,related,57,Nat,3.025,11,119,het haakje,0.161,0.542,0.354,,50
Waren de bejaarden geïnteresseerd in schilderijen van Monet?,het museum,Nat_140_unrelated,1,,,4.276,3.663,3.794,experiment,unrelated,140,Nat,5.433,12,129,de broodwinkel,0.131,1.157,0.482,0.0,51
,,Nat_307_control,0,collega,raam,1.941,1.561,1.613,experiment,control,307,Nat,5.2,55,155,,0.052,3.259,0.328,,52
,het geld,nonNat_156_related,0,,,5.335,4.873,5.042,experiment,related,156,nonNat,5.808,21,219,de briefjes,0.169,0.473,0.293,,53
,de politie,Nat_147_related,0,,,3.691,3.111,3.255,experiment,related,147,Nat,5.729,11,119,het bedrijf,0.144,2.038,0.436,,54
,,Nat_303_control,0,studenten,studie,1.034,0.179,0.311,experiment,control,303,Nat,4.896,55,155,,0.132,3.862,0.723,,55
,,nonNat_344_control,0,lezen,saai,3.06,2.309,2.766,experiment,control,344,nonNat,3.692,55,155,,0.457,0.632,0.294,,56
,het balkon,nonNat_109_related,0,,,5.956,5.22,5.415,experiment,related,109,nonNat,9.102,21,219,de balustrade,0.195,3.146,0.541,,57
,de gordijnen,Nat_46_related,0,,,3.85,3.299,3.394,experiment,related,46,Nat,4.315,11,119,het luik,0.095,0.465,0.456,,58
,de tuinman,nonNat_106_related,0,,,5.388,4.737,4.926,experiment,related,106,nonNat,6.599,21,219,het hulpje,0.189,1.211,0.462,,59
,,Nat_317_control,0,celstraf,raketwerper,0.614,0.01,0.071,experiment,control,317,Nat,5.224,55,155,,0.061,4.61,0.543,,60
,,Nat_304_control,0,vakken,studie,1.051,0.428,0.515,experiment,control,304,Nat,4.264,55,155,,0.087,3.213,0.536,,61
Is David een echte gentleman?,de stoel,nonNat_17_related,1,,,3.538,3.06,3.217,experiment,related,17,nonNat,4.702,21,219,het stoeltje,0.157,1.164,0.321,1.0,62
Is de student vroeg naar bed gegaan voor zijn tentamen de volgende morgen?,het tentamen,Nat_118_related,1,,,2.219,1.63,1.795,experiment,related,118,Nat,3.334,11,119,de opdracht,0.165,1.115,0.424,0.0,63
,,Nat_319_control,0,kabinet,toeristen,1.984,1.188,1.291,experiment,control,319,Nat,4.486,55,155,,0.103,2.502,0.693,,64
,,Nat_322_control,0,directeur,winstmarge,2.661,1.9,2.007,experiment,control,322,Nat,4.224,55,155,,0.107,1.563,0.654,,65
,de pet,Nat_97_unrelated,0,,,3.318,2.887,3.017,experiment,unrelated,97,Nat,3.592,12,129,het hoofd,0.13,0.274,0.301,,66
,,nonNat_354_control,0,buiten,weer,2.252,1.658,1.771,experiment,control,354,nonNat,3.677,55,155,,0.113,1.425,0.481,,67
Staan de boeken die de spreker gelezen heeft op de onderste plank in de kast?,de kast,Nat_29_related,1,,,2.375,1.994,2.125,experiment,related,29,Nat,3.044,11,119,het bureau,0.131,0.669,0.25,1.0,68
Was de prinses opgesloten in de kelder?,de draak,Nat_103_unrelated,1,,,3.771,3.204,3.321,experiment,unrelated,103,Nat,5.019,12,129,het leger,0.117,1.248,0.45,0.0,69
,de pot,nonNat_122_related,0,,,4.35,3.858,4.091,experiment,related,122,nonNat,5.535,21,219,het toilet,0.233,1.185,0.259,,70
,,nonNat_352_control,0,Olympische Spelen,Rio de Janeiro,3.109,1.455,1.959,experiment,control,352,nonNat,5.796,55,155,,0.504,2.687,1.15,,71
,het internet,Nat_59_related,0,,,5.853,5.245,5.364,experiment,related,59,Nat,7.181,11,119,de websites,0.119,1.328,0.489,,72
,het zeil,nonNat_137_unrelated,0,,,5.441,4.914,5.033,experiment,unrelated,137,nonNat,6.126,22,229,de smiezen,0.119,0.685,0.408,,73
,de pan,Nat_108_related,0,,,4.256,3.809,4.024,experiment,related,108,Nat,5.8,11,119,het vuur,0.215,1.544,0.232,,74
,,Nat_306_control,0,kast,nachtkastje,0.44,0.016,0.183,experiment,control,306,Nat,5.032,55,155,,0.167,4.592,0.257,,75
,het woordenboek,nonNat_62_related,0,,,3.469,2.79,2.929,experiment,related,62,nonNat,4.926,21,219,de encyclopedie,0.139,1.457,0.54,,76
,de kerk,nonNat_98_unrelated,0,,,3.637,2.912,3.073,experiment,unrelated,98,nonNat,4.394,22,229,het kapelletje,0.161,0.757,0.564,,77
,het vak,Nat_142_unrelated,0,,,4.922,3.907,4.048,experiment,unrelated,142,Nat,7.731,12,129,de lesomgeving,0.141,2.809,0.874,,78
,,nonNat_341_control,0,jongens,giletjes,6.264,5.196,5.48,experiment,control,341,nonNat,6.315,55,155,,0.284,0.051,0.784,,79
,het bos,nonNat_25_unrelated,0,,,4.118,3.441,3.606,experiment,unrelated,25,nonNat,5.767,22,229,de straat,0.165,1.649,0.512,,80
,,nonNat_332_control,0,invoering,restaurants,2.113,1.234,1.421,experiment,control,332,nonNat,6.836,55,155,,0.187,4.723,0.692,,81
Verspreidt de koude lucht zich vanuit Rusland?,het land,Nat_160_unrelated,1,,,4.132,3.488,3.638,experiment,unrelated,160,Nat,4.623,12,129,de provincies,0.15,0.491,0.494,0.0,82
Heeft de koning de nieuwe brug geopend?,het lint,Nat_110_unrelated,1,,,4.75,4.135,4.332,experiment,unrelated,110,Nat,5.638,12,129,de touwen,0.197,0.888,0.418,0.0,83
,de naald,nonNat_107_unrelated,0,,,4.251,3.679,3.861,experiment,unrelated,107,nonNat,6.528,22,229,het huis,0.182,2.277,0.39,,84
,,nonNat_359_control,0,apen,broodje,5.402,4.874,5.0,experiment,control,359,nonNat,5.456,55,155,,0.126,0.054,0.402,,85
Werkt de lift bij brand?,de lift,Nat_145_related,1,,,2.248,1.866,1.977,experiment,related,145,Nat,3.188,11,119,het dak,0.111,0.94,0.271,0.0,86
,,nonNat_335_control,0,vluchtelingenstroom,grenscontroles,3.544,2.192,2.734,experiment,control,335,nonNat,8.077,55,155,,0.542,4.533,0.81,,87
Zijn de jongens hout aan het verzamelen voor het kampvuur vanavond?,het kampvuur,Nat_26_unrelated,1,,,2.974,2.523,2.684,experiment,unrelated,26,Nat,3.567,12,129,de tocht,0.161,0.593,0.29,1.0,88
Werd de gladheid aangekondigd op de televisie?,de wind,nonNat_100_unrelated,1,,,6.444,5.457,5.778,experiment,unrelated,100,nonNat,7.754,22,229,het gezicht,0.321,1.31,0.666,0.0,89
Is Andre de nieuwe coach van het team?,het team,nonNat_10_unrelated,1,,,2.377,1.785,1.925,experiment,unrelated,10,nonNat,3.711,22,229,de groep,0.14,1.334,0.452,1.0,90
Had Hendrik een DVD gekregen voor zijn verjaardag?,de bioscoop,Nat_114_related,1,,,5.295,4.738,4.851,experiment,related,114,Nat,6.049,11,119,het filmhuis,0.113,0.754,0.444,0.0,91
,de vergadering,Nat_64_related,0,,,3.162,2.577,2.632,experiment,related,64,Nat,3.747,11,119,het werk,0.055,0.585,0.53,,92
Ging de zin over een fietstocht door de Alpen?,de berg,Nat_104_related,1,,,2.527,2.052,2.218,experiment,related,104,Nat,3.754,11,119,het pad,0.166,1.227,0.309,0.0,93
,,nonNat_348_control,0,aanwijzingen,gelukkiger,2.715,1.777,2.02,experiment,control,348,nonNat,5.731,55,155,,0.243,3.016,0.695,,94
,,Nat_309_control,0,kinderen,bed,4.494,3.941,4.075,experiment,control,309,Nat,5.998,55,155,,0.134,1.504,0.419,,95
Heeft deze zin iets te maken met hengelsport?,het net,nonNat_89_unrelated,1,,,3.368,2.809,2.902,experiment,unrelated,89,nonNat,4.656,22,229,de sloot,0.093,1.288,0.466,0.0,96
,de mouw,nonNat_94_unrelated,0,,,5.194,4.607,4.701,experiment,unrelated,94,nonNat,8.832,22,229,het vest,0.094,3.638,0.493,,97
,de film,Nat_157_related,0,,,3.876,3.462,3.55,experiment,related,157,Nat,4.648,11,119,het programma,0.088,0.772,0.326,,98
Was Aafke nog op het schooplein toen de bel ging?,de bel,Nat_67_unrelated,1,,,3.416,2.855,3.013,experiment,unrelated,67,Nat,3.912,12,129,het groepje,0.158,0.496,0.403,1.0,99
,de wereld,Nat_132_related,0,,,3.131,2.46,2.593,experiment,related,132,Nat,5.496,11,119,het paradijs,0.133,2.365,0.538,,100
,,Nat_302_control,0,leraren,vakantie,4.913,4.321,4.623,experiment,control,302,Nat,5.546,55,155,,0.302,0.633,0.29,,101
,,Nat_310_control,0,attractiepark,Efteling,5.395,4.402,4.654,experiment,control,310,Nat,5.408,55,155,,0.252,0.013,0.741,,102
Kwam de trein op tijd aan in Utrecht?,het station,Nat_136_related,1,,,3.03,2.415,2.52,experiment,related,136,Nat,3.76,11,119,de noordzijde,0.105,0.73,0.51,0.0,103
,het lijf,nonNat_101_unrelated,0,,,3.129,2.618,2.724,experiment,unrelated,101,nonNat,4.422,22,229,de maag,0.106,1.293,0.405,,104
,,nonNat_347_control,0,maatstaf,tijdschriften,4.964,4.568,4.702,experiment,control,347,nonNat,5.824,55,155,,0.134,0.86,0.262,,105
,het antwoord,nonNat_23_unrelated,0,,,3.342,2.817,2.965,experiment,unrelated,23,nonNat,4.2,22,229,de reactie,0.148,0.858,0.377,,106
,,nonNat_351_control,0,vrijwilliger,Nederland,1.445,0.246,0.6,experiment,control,351,nonNat,5.252,55,155,,0.354,3.807,0.845,,107
,de dierenarts,nonNat_152_related,0,,,2.68,2.026,2.211,experiment,related,152,nonNat,3.331,21,219,het asiel,0.185,0.651,0.469,,108
Wilde ze graag haar telefoon opladen?,het stopcontact,nonNat_45_related,1,,,5.233,4.361,4.471,experiment,related,45,nonNat,6.527,21,219,de computer,0.11,1.294,0.762,1.0,109
Is het belangrijk om goed op het verkeer te letten als je in de auto rijdt?,de weg,nonNat_21_related,1,,,3.69,3.355,3.486,experiment,related,21,nonNat,4.621,21,219,het verkeer,0.131,0.931,0.204,1.0,110
,de trein,nonNat_143_related,0,,,5.937,5.502,5.657,experiment,related,143,nonNat,6.577,21,219,het fietsje,0.155,0.64,0.28,,111
,,Nat_301_control,0,werk,woensdag,1.67,1.249,1.369,experiment,control,301,Nat,4.195,55,155,,0.12,2.525,0.301,,112
,,nonNat_355_control,0,zoon,buitenland,2.699,2.227,2.444,experiment,control,355,nonNat,4.376,55,155,,0.217,1.677,0.255,,113
Was de portemonnee van Martijn gestolen?,de politie,nonNat_42_related,1,,,4.647,3.965,4.134,experiment,related,42,nonNat,5.988,21,219,het politiebureau,0.169,1.341,0.513,1.0,114
,het slot,Nat_141_related,0,,,2.776,2.354,2.454,experiment,related,141,Nat,3.683,11,119,de deur,0.1,0.907,0.322,,115
,,Nat_325_control,0,kinderen,school,0.503,0.005,0.162,experiment,control,325,Nat,5.752,55,155,,0.157,5.249,0.341,,116
Had Hans het weer gecheckt voordat hij vertrok?,de auto,nonNat_12_unrelated,1,,,2.635,2.227,2.366,experiment,unrelated,12,nonNat,4.934,22,229,het busje,0.139,2.299,0.269,1.0,117
Was er te weinig licht om te lezen in de kamer?,het licht,nonNat_32_related,1,,,3.748,3.35,3.502,experiment,related,32,nonNat,4.487,21,219,de lamp,0.152,0.739,0.246,1.0,118
Wilden ze zijn afstuderen vieren met champagne?,de champagne,nonNat_126_related,1,,,4.894,4.153,4.24,experiment,related,126,nonNat,6.561,21,219,het feest,0.087,1.667,0.654,0.0,119
,,Nat_327_control,0,vrouw,huis,3.834,3.0,3.529,experiment,control,327,Nat,5.216,55,155,,0.529,1.382,0.305,,120
Zetten ze altijd een zwembad op als het warm is?,de tuin,nonNat_40_unrelated,1,,,3.731,3.217,3.421,experiment,unrelated,40,nonNat,4.654,22,229,het park,0.204,0.923,0.31,1.0,121
,het hart,Nat_87_unrelated,0,,,6.3,5.783,5.916,experiment,unrelated,87,Nat,7.736,12,129,de neus,0.133,1.436,0.384,,122
,,Nat_329_control,0,instapkaart,print,3.979,3.353,3.487,experiment,control,329,Nat,5.104,55,155,,0.134,1.125,0.492,,123
Werd het bestek in de onderste lade bewaard?,het bestek,Nat_151_related,1,,,3.292,2.775,2.925,experiment,related,151,Nat,4.216,11,119,de glazen,0.15,0.924,0.367,0.0,124
,de balk,Nat_95_unrelated,0,,,4.249,3.704,3.825,experiment,unrelated,95,Nat,5.205,12,129,het hout,0.121,0.956,0.424,,125
,de kinderwagen,nonNat_134_related,0,,,3.699,2.85,3.033,experiment,related,134,nonNat,4.633,21,219,het zonnetje,0.183,0.934,0.666,,126
,,Nat_326_control,0,koeien,gras,1.987,1.606,1.684,experiment,control,326,Nat,7.568,55,155,,0.078,5.581,0.303,,127
,,nonNat_349_control,0,horeca,leeftijdsgrens,0.77,0.065,0.152,experiment,control,349,nonNat,6.469,55,155,,0.087,5.699,0.618,,128
,,nonNat_330_control,0,speelgoed,lego,7.41,6.629,6.774,experiment,control,330,nonNat,7.541,55,155,,0.145,0.131,0.636,,129
Gaat deze uitdrukking over koeien?,de sloot,Nat_88_unrelated,1,,,3.017,2.583,2.722,experiment,unrelated,88,Nat,3.552,12,129,het meer,0.139,0.535,0.295,0.0,130
Werd de spreker gelijk geholpen bij de dokter?,de wachtkamer,nonNat_133_related,1,,,3.637,2.846,2.951,experiment,related,133,nonNat,5.792,21,219,het halletje,0.105,2.155,0.686,0.0,131
Bergt de juwelier de sieraden 's nachts op op een veilige plek?,de kluis,Nat_44_unrelated,1,,,3.166,2.657,2.787,experiment,unrelated,44,Nat,4.016,12,129,het doosje,0.13,0.85,0.379,1.0,132
Leest de vader van de spreker graag de krant op werkdagen?,de krant,Nat_161_related,1,,,2.387,2.012,2.137,experiment,related,161,Nat,3.195,11,119,het magazine,0.125,0.808,0.25,0.0,133
,de oven,Nat_8_unrelated,0,,,3.65,2.974,3.066,experiment,unrelated,8,Nat,5.062,12,129,het fornuis,0.092,1.412,0.584,,134
,de fiets,nonNat_4_related,0,,,3.8,3.11,3.26,experiment,related,4,nonNat,5.783,21,219,het paard,0.15,1.983,0.54,,135
Ging de zin over vleesproducten?,de koelkast,nonNat_150_unrelated,1,,,3.513,2.656,2.85,experiment,unrelated,150,nonNat,5.394,22,229,het vriesvak,0.194,1.881,0.663,0.0,136
,de schat,nonNat_5_related,0,,,3.761,3.316,3.412,experiment,related,5,nonNat,4.7,21,219,het pakketje,0.096,0.939,0.349,,137
Heeft Michael nieuwe boxen gekocht voor zijn tv?,het geluid,Nat_69_related,1,,,4.144,3.615,3.756,experiment,related,69,Nat,5.382,11,119,de muziek,0.141,1.238,0.388,1.0,138
,,Nat_320_control,0,uitvinding,mensheid,2.055,1.427,1.527,experiment,control,320,Nat,3.843,55,155,,0.1,1.788,0.528,,139
Werden de kaartjes gecontroleerd in de bus?,de conducteur,Nat_131_unrelated,1,,,3.331,2.815,2.962,experiment,unrelated,131,Nat,4.378,12,129,het mannetje,0.147,1.047,0.369,0.0,140
,,Nat_313_control,0,uitkijkpost,Oceaan,3.097,2.55,2.655,experiment,control,313,Nat,6.168,55,155,,0.105,3.071,0.442,,141
Heeft de spreker een kerstboom met Kerst?,de cadeautjes,Nat_9_related,1,,,3.408,2.675,2.831,experiment,related,9,Nat,4.659,11,119,het pakje,0.156,1.251,0.577,1.0,142
Is er een muizenplaag in het studentenhuis?,de muizen,nonNat_49_unrelated,1,,,3.404,2.763,2.935,experiment,unrelated,49,nonNat,3.906,22,229,het knaagdier,0.172,0.502,0.469,1.0,143
,,Nat_328_control,0,documenten,kwijtraakt,3.277,2.806,2.934,experiment,control,328,Nat,5.552,55,155,,0.128,2.275,0.343,,144
,het casino,nonNat_66_unrelated,0,,,2.412,1.923,2.092,experiment,unrelated,66,nonNat,4.2,22,229,de bar,0.169,1.788,0.32,,145
,,nonNat_353_control,0,baan,landen,2.405,1.92,2.031,experiment,control,353,nonNat,4.397,55,155,,0.111,1.992,0.374,,146
,de bibliotheek,nonNat_47_related,0,,,4.259,3.502,3.712,experiment,related,47,nonNat,4.981,21,219,het uitleenpunt,0.21,0.722,0.547,,147
,,Nat_300_control,0,conferentie,Londen,1.205,0.66,0.783,experiment,control,300,Nat,2.657,55,155,,0.123,1.452,0.422,,148
,,nonNat_336_control,0,toeristen,land,3.857,2.888,3.308,experiment,control,336,nonNat,6.872,55,155,,0.42,3.015,0.549,,149
Gaat de spreker in de zomer graag zwemmen?,het zwembad,Nat_6_unrelated,1,,,3.836,3.175,3.304,experiment,unrelated,6,Nat,4.824,12,129,de badkuip,0.129,0.988,0.532,1.0,150
í,,Nat_323_control,0,krant,uitbraak,1.595,1.159,1.305,experiment,control,323,Nat,4.48,55,155,,0.146,2.885,0.29,,151
,,nonNat_342_control,0,autoriteiten,maatregel,7.471,7.038,7.297,experiment,control,342,nonNat,8.19,55,155,,0.259,0.719,0.174,,152
,,nonNat_334_control,0,boekenwinkels,jaren,5.39,4.902,5.122,experiment,control,334,nonNat,6.538,55,155,,0.22,1.148,0.268,,153
Ging de zin een lastdier dat in de woestijn leeft?,de kameel,Nat_85_unrelated,1,,,3.635,2.992,3.158,experiment,unrelated,85,Nat,4.424,12,129,het trekpaard,0.166,0.789,0.477,1.0,154
,,Nat_314_control,0,leerlingen,huiswerk,7.395,6.658,6.924,experiment,control,314,Nat,7.402,55,155,,0.266,0.007,0.471,,155
,de post,nonNat_11_related,0,,,5.193,4.754,4.932,experiment,related,11,nonNat,6.148,21,219,het postbedrijf,0.178,0.955,0.261,,156
,het verkeer,nonNat_63_unrelated,0,,,2.304,1.846,1.963,experiment,unrelated,63,nonNat,3.744,22,229,de wijk,0.117,1.44,0.341,,157
,het schoolplein,nonNat_27_related,0,,,3.495,2.82,2.908,experiment,related,27,nonNat,4.517,21,219,de stoep,0.088,1.022,0.587,,158
Ging de zin over de maand december?,het jaar,Nat_75_unrelated,1,,,2.04,1.607,1.723,experiment,unrelated,75,Nat,3.849,12,129,de winter,0.116,1.809,0.317,1.0,159
,,nonNat_340_control,0,salade,pompoen,3.964,3.096,3.307,experiment,control,340,nonNat,6.734,55,155,,0.211,2.77,0.657,,160
,,Nat_321_control,0,week,lessen,1.245,0.587,0.778,experiment,control,321,Nat,4.136,55,155,,0.191,2.891,0.467,,161
,de thee,Nat_7_unrelated,0,,,5.624,5.084,5.21,experiment,unrelated,7,Nat,6.352,12,129,het drankje,0.126,0.728,0.414,,162
,het krijt,nonNat_83_related,0,,,4.232,3.554,3.769,experiment,related,83,nonNat,6.263,21,219,de schuld,0.215,2.031,0.463,,163
,,Nat_312_control,0,landen,vakantie,2.688,2.182,2.31,experiment,control,312,Nat,5.376,55,155,,0.128,2.688,0.378,,164
,,nonNat_350_control,0,oma's,kinderen,2.93,2.267,2.367,experiment,control,350,nonNat,5.407,55,155,,0.1,2.477,0.563,,165
Heb je de bus gehaald?,de auto,Nat_146_related,1,,,2.547,2.233,2.299,experiment,related,146,Nat,3.182,11,119,het taxibedrijf,0.066,0.635,0.248,0.0,166
,de afwas,nonNat_20_unrelated,0,,,3.984,3.182,3.359,experiment,unrelated,20,nonNat,5.025,22,229,het huishouden,0.177,1.041,0.625,,167
Gaat de zin over een onbekend liedje?,de radio,Nat_158_unrelated,1,,,2.234,1.831,1.945,experiment,unrelated,158,Nat,3.001,12,129,het nieuws,0.114,0.767,0.289,0.0,168
,,Nat_324_control,0,hulpverleners,mijn,3.468,2.747,2.823,experiment,control,324,Nat,6.08,55,155,,0.076,2.612,0.645,,169
Hebben ze een hoop post gekregen terwijl we op vakantie waren?,de brievenbus,Nat_31_unrelated,1,,,3.025,2.281,2.535,experiment,unrelated,31,Nat,3.445,12,129,het postvakje,0.254,0.42,0.49,1.0,170
,,nonNat_360_control,0,onvoldoende,Engels,3.656,2.965,3.153,experiment,control,360,nonNat,4.996,55,155,,0.188,1.34,0.503,,171
,,nonNat_339_control,0,mensen,verstand,2.66,2.062,2.259,experiment,control,339,nonNat,5.492,55,155,,0.197,2.832,0.401,,172
,de lucht,Nat_80_unrelated,0,,,3.379,2.953,3.079,experiment,unrelated,80,Nat,4.137,12,129,het water,0.126,0.758,0.3,,173
,de gevangenis,Nat_153_unrelated,0,,,3.06,2.316,2.55,experiment,unrelated,153,Nat,3.627,12,129,het boevenhok,0.234,0.567,0.51,,174
Maakte de toneelgroep na afloop van de voorstelling een buiging?,het publiek,nonNat_38_related,1,,,5.052,4.536,4.717,experiment,related,38,nonNat,5.577,21,219,de mensen,0.181,0.525,0.335,1.0,175
Zijn Jim en Roos vegetarisch?,het restaurant,Nat_124_unrelated,1,,,4.007,3.465,3.628,experiment,unrelated,124,Nat,5.129,12,129,de bistro,0.163,1.122,0.379,0.0,176
,de meterkast,Nat_116_related,0,,,3.874,3.249,3.335,experiment,related,116,Nat,4.529,11,119,het kabinet,0.086,0.655,0.539,,177
,de badmeester,Nat_41_unrelated,0,,,3.022,2.225,2.389,experiment,unrelated,41,Nat,4.696,12,129,het personeel,0.164,1.674,0.633,,178
,het bord,nonNat_22_related,0,,,3.593,3.096,3.305,experiment,related,22,nonNat,4.587,21,219,de antwoordvellen,0.209,0.994,0.288,,179
