Question,compLower,filename,hasQuestion,newWord1,newWord2,offsetNoun,onsetDet,onsetNoun,part,relatedness,sentID,speaker,totalLen,trigDet,trigOffsetNoun,unrelOppositeGender,waitForDetOffset,waitForEnd,waitForNounOffset,yesOrNo,trialIndex
,,Nat_319_control,0,kabinet,toeristen,1.984,1.188,1.291,experiment,control,319,Nat,4.486,55,155,,0.103,2.502,0.693,,1
,het platteland,Nat_149_unrelated,0,,,5.837,5.341,5.428,experiment,unrelated,149,Nat,6.583,12,129,de velden,0.087,0.746,0.409,,2
,het internet,Nat_59_related,0,,,5.853,5.245,5.364,experiment,related,59,Nat,7.181,11,119,de websites,0.119,1.328,0.489,,3
,,nonNat_335_control,0,vluchtelingenstroom,grenscontroles,3.544,2.192,2.734,experiment,control,335,nonNat,8.077,55,155,,0.542,4.533,0.81,,4
Gingen de dames nog wat drinken?,het cafe,Nat_68_unrelated,1,,,3.489,2.892,2.998,experiment,unrelated,68,Nat,4.608,12,129,de lunchroom,0.106,1.119,0.491,1.0,5
,het verkeer,nonNat_63_unrelated,0,,,2.304,1.846,1.963,experiment,unrelated,63,nonNat,3.744,22,229,de wijk,0.117,1.44,0.341,,6
,,Nat_311_control,0,land,skivakantie,3.946,3.47,3.589,experiment,control,311,Nat,6.002,55,155,,0.119,2.056,0.357,,7
,de gevangenis,nonNat_153_related,0,,,2.977,2.29,2.413,experiment,related,153,nonNat,3.525,21,219,het boevenhok,0.123,0.548,0.564,,8
Werd de spreker gelijk geholpen bij de dokter?,de wachtkamer,nonNat_133_related,1,,,3.637,2.846,2.951,experiment,related,133,nonNat,5.792,21,219,het halletje,0.105,2.155,0.686,0.0,9
,de oven,nonNat_8_unrelated,0,,,3.471,2.846,2.968,experiment,unrelated,8,nonNat,4.713,22,229,het fornuis,0.122,1.242,0.503,,10
,,nonNat_346_control,0,recht,pech,3.133,2.606,2.743,experiment,control,346,nonNat,5.536,55,155,,0.137,2.403,0.39,,11
Heeft de koning de nieuwe brug geopend?,het lint,nonNat_110_unrelated,1,,,4.724,4.202,4.401,experiment,unrelated,110,nonNat,5.591,22,229,de touwen,0.199,0.867,0.323,0.0,12
,het casino,Nat_66_related,0,,,2.477,1.821,1.961,experiment,related,66,Nat,4.114,11,119,de bar,0.14,1.637,0.516,,13
,de kinderwagen,Nat_134_related,0,,,3.347,2.585,2.755,experiment,related,134,Nat,4.16,11,119,het zonnetje,0.17,0.813,0.592,,14
Is David een echte gentleman?,de stoel,Nat_17_unrelated,1,,,3.657,3.065,3.217,experiment,unrelated,17,Nat,4.626,12,129,het stoeltje,0.152,0.969,0.44,1.0,15
Betalen de meeste mensen huur per jaar?,de maand,nonNat_92_unrelated,1,,,4.051,3.598,3.739,experiment,unrelated,92,nonNat,4.862,22,229,het jaar,0.141,0.811,0.312,0.0,16
,,nonNat_357_control,0,jaar,wedstrijden,4.986,4.438,4.704,experiment,control,357,nonNat,5.044,55,155,,0.266,0.058,0.282,,17
Heeft het team de laatste wedstrijd gewonnen?,de taart,nonNat_43_related,1,,,4.151,3.623,3.842,experiment,related,43,nonNat,5.296,21,219,het ijsje,0.219,1.145,0.309,1.0,18
Heeft de spreker een kerstboom met Kerst?,de cadeautjes,Nat_9_related,1,,,3.408,2.675,2.831,experiment,related,9,Nat,4.659,11,119,het pakje,0.156,1.251,0.577,1.0,19
Zijn Jim en Roos vegetarisch?,het restaurant,Nat_124_unrelated,1,,,4.007,3.465,3.628,experiment,unrelated,124,Nat,5.129,12,129,de bistro,0.163,1.122,0.379,0.0,20
Gaat de zin over een onbekend liedje?,de radio,Nat_158_related,1,,,2.355,1.831,1.927,experiment,related,158,Nat,3.257,11,119,het nieuws,0.096,0.902,0.428,0.0,21
Hebben ze een hoop post gekregen terwijl we op vakantie waren?,de brievenbus,nonNat_31_unrelated,1,,,3.714,3.008,3.189,experiment,unrelated,31,nonNat,4.128,22,229,het postvakje,0.181,0.414,0.525,1.0,22
,,Nat_308_control,0,telefoon,bedrijf,3.52,2.694,2.824,experiment,control,308,Nat,4.603,55,155,,0.13,1.083,0.696,,23
Zijn de jongens hout aan het verzamelen voor het kampvuur vanavond?,het kampvuur,Nat_26_unrelated,1,,,2.974,2.523,2.684,experiment,unrelated,26,Nat,3.567,12,129,de tocht,0.161,0.593,0.29,1.0,24
,,nonNat_352_control,0,Olympische Spelen,Rio de Janeiro,3.109,1.455,1.959,experiment,control,352,nonNat,5.796,55,155,,0.504,2.687,1.15,,25
,de politie,nonNat_147_related,0,,,3.776,3.141,3.286,experiment,related,147,nonNat,5.836,21,219,het bedrijf,0.145,2.06,0.49,,26
Werd de gladheid aangekondigd op de televisie?,de wind,Nat_100_related,1,,,5.301,4.871,4.994,experiment,related,100,Nat,6.59,11,119,het gezicht,0.123,1.289,0.307,0.0,27
,,Nat_317_control,0,celstraf,raketwerper,0.614,0.01,0.071,experiment,control,317,Nat,5.224,55,155,,0.061,4.61,0.543,,28
,,nonNat_332_control,0,invoering,restaurants,2.113,1.234,1.421,experiment,control,332,nonNat,6.836,55,155,,0.187,4.723,0.692,,29
,de pan,nonNat_108_unrelated,0,,,4.362,3.79,3.895,experiment,unrelated,108,nonNat,6.264,22,229,het vuur,0.105,1.902,0.467,,30
Kijken de ouders elke avond het achtuurjournaal?,het journaal,Nat_33_related,1,,,4.416,3.857,3.96,experiment,related,33,Nat,6.47,11,119,de nieuwsberichten,0.103,2.054,0.456,1.0,31
,,nonNat_350_control,0,oma's,kinderen,2.93,2.267,2.367,experiment,control,350,nonNat,5.407,55,155,,0.1,2.477,0.563,,32
,,nonNat_359_control,0,apen,broodje,5.402,4.874,5.0,experiment,control,359,nonNat,5.456,55,155,,0.126,0.054,0.402,,33
,het antwoord,Nat_23_unrelated,0,,,2.867,2.296,2.427,experiment,unrelated,23,Nat,3.656,12,129,de reactie,0.131,0.789,0.44,,34
,,Nat_304_control,0,vakken,studie,1.051,0.428,0.515,experiment,control,304,Nat,4.264,55,155,,0.087,3.213,0.536,,35
,,Nat_313_control,0,uitkijkpost,Oceaan,3.097,2.55,2.655,experiment,control,313,Nat,6.168,55,155,,0.105,3.071,0.442,,36
,,Nat_325_control,0,kinderen,school,0.503,0.005,0.162,experiment,control,325,Nat,5.752,55,155,,0.157,5.249,0.341,,37
,de dierenarts,nonNat_152_related,0,,,2.68,2.026,2.211,experiment,related,152,nonNat,3.331,21,219,het asiel,0.185,0.651,0.469,,38
Moeten ze vanavond vroeg naar bed?,de wekker,Nat_34_related,1,,,3.665,3.183,3.308,experiment,related,34,Nat,4.584,11,119,het alarm,0.125,0.919,0.357,1.0,39
,,nonNat_342_control,0,autoriteiten,maatregel,7.471,7.038,7.297,experiment,control,342,nonNat,8.19,55,155,,0.259,0.719,0.174,,40
Heeft Michael nieuwe boxen gekocht voor zijn tv?,het geluid,nonNat_69_unrelated,1,,,3.823,3.339,3.422,experiment,unrelated,69,nonNat,4.916,22,229,de muziek,0.083,1.093,0.401,1.0,41
,de apotheek,Nat_54_unrelated,0,,,2.708,2.068,2.247,experiment,unrelated,54,Nat,3.88,12,129,het kruidvat,0.179,1.172,0.461,,42
,de balk,nonNat_95_related,0,,,4.627,4.09,4.288,experiment,related,95,nonNat,5.542,21,219,het hout,0.198,0.915,0.339,,43
,,Nat_314_control,0,leerlingen,huiswerk,7.395,6.658,6.924,experiment,control,314,Nat,7.402,55,155,,0.266,0.007,0.471,,44
,,nonNat_340_control,0,salade,pompoen,3.964,3.096,3.307,experiment,control,340,nonNat,6.734,55,155,,0.211,2.77,0.657,,45
Ging de zanger in een helicopter terug naar het hotel?,het hotel,nonNat_93_unrelated,1,,,4.156,3.639,3.816,experiment,unrelated,93,nonNat,4.925,22,229,de zaal,0.177,0.769,0.34,0.0,46
,de badmeester,Nat_41_related,0,,,2.977,2.225,2.368,experiment,related,41,Nat,4.668,11,119,het personeel,0.143,1.691,0.609,,47
,,nonNat_347_control,0,maatstaf,tijdschriften,4.964,4.568,4.702,experiment,control,347,nonNat,5.824,55,155,,0.134,0.86,0.262,,48
Heeft de spreker een hekel aan dieren?,de dierentuin,nonNat_123_unrelated,1,,,4.395,3.53,3.634,experiment,unrelated,123,nonNat,6.022,22,229,het reservaat,0.104,1.627,0.761,0.0,49
Maken kinderen sneeuwengelen in de winter?,de sneeuw,nonNat_30_unrelated,1,,,2.649,2.136,2.313,experiment,unrelated,30,nonNat,3.979,22,229,het ijs,0.177,1.33,0.336,1.0,50
Zetten ze altijd een zwembad op als het warm is?,de tuin,Nat_40_related,1,,,2.857,2.475,2.627,experiment,related,40,Nat,3.502,11,119,het park,0.152,0.645,0.23,1.0,51
,,Nat_326_control,0,koeien,gras,1.987,1.606,1.684,experiment,control,326,Nat,7.568,55,155,,0.078,5.581,0.303,,52
,de spiegel,nonNat_74_related,0,,,4.793,4.115,4.251,experiment,related,74,nonNat,5.58,21,219,het raam,0.136,0.787,0.542,,53
,,Nat_312_control,0,landen,vakantie,2.688,2.182,2.31,experiment,control,312,Nat,5.376,55,155,,0.128,2.688,0.378,,54
,,nonNat_330_control,0,speelgoed,lego,7.41,6.629,6.774,experiment,control,330,nonNat,7.541,55,155,,0.145,0.131,0.636,,55
,,Nat_300_control,0,conferentie,Londen,1.205,0.66,0.783,experiment,control,300,Nat,2.657,55,155,,0.123,1.452,0.422,,56
Gaat deze uitdrukking over koeien?,de sloot,Nat_88_unrelated,1,,,3.017,2.583,2.722,experiment,unrelated,88,Nat,3.552,12,129,het meer,0.139,0.535,0.295,0.0,57
,,Nat_316_control,0,amateurs,stunt,4.114,3.541,3.686,experiment,control,316,Nat,4.12,55,155,,0.145,0.006,0.428,,58
Heeft deze zin iets te maken met hengelsport?,het net,nonNat_89_related,1,,,3.348,2.809,2.938,experiment,related,89,nonNat,4.527,21,219,de sloot,0.129,1.179,0.41,0.0,59
Wilde ze graag haar telefoon opladen?,het stopcontact,nonNat_45_related,1,,,5.233,4.361,4.471,experiment,related,45,nonNat,6.527,21,219,de computer,0.11,1.294,0.762,1.0,60
Is Andre de nieuwe coach van het team?,het team,Nat_10_related,1,,,1.709,1.302,1.46,experiment,related,10,Nat,2.704,11,119,de groep,0.158,0.995,0.249,1.0,61
,de vergadering,Nat_64_unrelated,0,,,3.003,2.577,2.761,experiment,unrelated,64,Nat,3.597,12,129,het werk,0.184,0.594,0.242,,62
,de meterkast,Nat_116_related,0,,,3.874,3.249,3.335,experiment,related,116,Nat,4.529,11,119,het kabinet,0.086,0.655,0.539,,63
,,Nat_318_control,0,onderzoek,invloed,4.884,4.173,4.326,experiment,control,318,Nat,4.896,55,155,,0.153,0.012,0.558,,64
,,Nat_327_control,0,vrouw,huis,3.834,3.0,3.529,experiment,control,327,Nat,5.216,55,155,,0.529,1.382,0.305,,65
,de krant,nonNat_16_unrelated,0,,,2.982,2.451,2.598,experiment,unrelated,16,nonNat,4.806,22,229,het nieuws,0.147,1.824,0.384,,66
Werkt de lift bij brand?,de lift,Nat_145_related,1,,,2.248,1.866,1.977,experiment,related,145,Nat,3.188,11,119,het dak,0.111,0.94,0.271,0.0,67
,de bibliotheek,Nat_47_related,0,,,4.171,3.353,3.492,experiment,related,47,Nat,4.816,11,119,het uitleenpunt,0.139,0.645,0.679,,68
,,Nat_321_control,0,week,lessen,1.245,0.587,0.778,experiment,control,321,Nat,4.136,55,155,,0.191,2.891,0.467,,69
Bergt de juwelier de sieraden 's nachts op op een veilige plek?,de kluis,nonNat_44_unrelated,1,,,3.35,2.858,3.031,experiment,unrelated,44,nonNat,4.176,22,229,het doosje,0.173,0.826,0.319,1.0,70
,het bord,Nat_22_related,0,,,2.486,2.142,2.315,experiment,related,22,Nat,3.306,11,119,de antwoordvellen,0.173,0.82,0.171,,71
,het bos,Nat_25_related,0,,,3.746,3.22,3.41,experiment,related,25,Nat,5.116,11,119,de straat,0.19,1.37,0.336,,72
,,Nat_310_control,0,attractiepark,Efteling,5.395,4.402,4.654,experiment,control,310,Nat,5.408,55,155,,0.252,0.013,0.741,,73
,het slot,nonNat_141_related,0,,,3.127,2.646,2.796,experiment,related,141,nonNat,4.16,21,219,de deur,0.15,1.033,0.331,,74
Draait de nieuwe film van die acteur al?,de bioscoop,Nat_39_unrelated,1,,,2.293,1.791,1.884,experiment,unrelated,39,Nat,2.896,12,129,het theater,0.093,0.603,0.409,1.0,75
Was de prinses opgesloten in de kelder?,de draak,nonNat_103_unrelated,1,,,4.457,3.74,3.949,experiment,unrelated,103,nonNat,6.314,22,229,het leger,0.209,1.857,0.508,0.0,76
Had het sprookje een goed einde?,het sprookje,Nat_50_related,1,,,3.127,2.504,2.619,experiment,related,50,Nat,4.543,11,119,de trilogie,0.115,1.416,0.508,1.0,77
,,nonNat_338_control,0,tv,kijken,0.792,0.33,0.445,experiment,control,338,nonNat,4.686,55,155,,0.115,3.894,0.347,,78
Is het belangrijk om goed op het verkeer te letten als je in de auto rijdt?,de weg,Nat_21_unrelated,1,,,2.817,2.353,2.445,experiment,unrelated,21,Nat,3.753,12,129,het verkeer,0.092,0.936,0.372,1.0,79
,,nonNat_331_control,0,oma,sjaals,1.547,0.951,1.198,experiment,control,331,nonNat,5.778,55,155,,0.247,4.231,0.349,,80
Was de portemonnee van Martijn gestolen?,de politie,nonNat_42_unrelated,1,,,5.087,3.965,4.214,experiment,unrelated,42,nonNat,6.219,22,229,het politiebureau,0.249,1.132,0.873,1.0,81
,het lijf,nonNat_101_related,0,,,3.145,2.618,2.72,experiment,related,101,nonNat,4.38,21,219,de maag,0.102,1.235,0.425,,82
Had Hans het weer gecheckt voordat hij vertrok?,de auto,Nat_12_unrelated,1,,,2.461,1.991,2.161,experiment,unrelated,12,Nat,4.743,12,129,het busje,0.17,2.282,0.3,1.0,83
,de economie,Nat_154_related,0,,,3.972,3.451,3.573,experiment,related,154,Nat,4.543,11,119,het geluk,0.122,0.571,0.399,,84
Had Hendrik een DVD gekregen voor zijn verjaardag?,de bioscoop,Nat_114_unrelated,1,,,5.292,4.738,4.851,experiment,unrelated,114,Nat,6.041,12,129,het filmhuis,0.113,0.749,0.441,0.0,85
,,Nat_307_control,0,collega,raam,1.941,1.561,1.613,experiment,control,307,Nat,5.2,55,155,,0.052,3.259,0.328,,86
,de afwas,Nat_20_related,0,,,2.424,2.021,2.118,experiment,related,20,Nat,2.976,11,119,het huishouden,0.097,0.552,0.306,,87
,,nonNat_355_control,0,zoon,buitenland,2.699,2.227,2.444,experiment,control,355,nonNat,4.376,55,155,,0.217,1.677,0.255,,88
,de mouw,Nat_94_unrelated,0,,,4.669,4.12,4.258,experiment,unrelated,94,Nat,7.6,12,129,het vest,0.138,2.931,0.411,,89
Ging de zin over de maand december?,het jaar,nonNat_75_related,1,,,2.181,1.708,1.875,experiment,related,75,nonNat,4.226,21,219,de winter,0.167,2.045,0.306,1.0,90
,,nonNat_333_control,0,bevolking,parlement,2.984,2.326,2.417,experiment,control,333,nonNat,4.705,55,155,,0.091,1.721,0.567,,91
,,nonNat_334_control,0,boekenwinkels,jaren,5.39,4.902,5.122,experiment,control,334,nonNat,6.538,55,155,,0.22,1.148,0.268,,92
,,Nat_302_control,0,leraren,vakantie,4.913,4.321,4.623,experiment,control,302,Nat,5.546,55,155,,0.302,0.633,0.29,,93
,,Nat_301_control,0,werk,woensdag,1.67,1.249,1.369,experiment,control,301,Nat,4.195,55,155,,0.12,2.525,0.301,,94
,het bestek,nonNat_129_related,0,,,7.082,6.455,6.625,experiment,related,129,nonNat,9.148,21,219,de lepels,0.17,2.066,0.457,,95
,de film,Nat_157_unrelated,0,,,4.131,3.462,3.632,experiment,unrelated,157,Nat,4.918,12,129,het programma,0.17,0.787,0.499,,96
Ging de zin een lastdier dat in de woestijn leeft?,de kameel,Nat_85_unrelated,1,,,3.635,2.992,3.158,experiment,unrelated,85,Nat,4.424,12,129,het trekpaard,0.166,0.789,0.477,1.0,97
Waren de bejaarden geïnteresseerd in schilderijen van Monet?,het museum,Nat_140_related,1,,,4.311,3.663,3.743,experiment,related,140,Nat,5.48,11,119,de broodwinkel,0.08,1.169,0.568,0.0,98
,de lucht,nonNat_80_related,0,,,3.906,3.549,3.66,experiment,related,80,nonNat,4.779,21,219,het water,0.111,0.873,0.246,,99
,,nonNat_341_control,0,jongens,giletjes,6.264,5.196,5.48,experiment,control,341,nonNat,6.315,55,155,,0.284,0.051,0.784,,100
Werden de kaartjes gecontroleerd in de bus?,de conducteur,nonNat_131_related,1,,,3.734,3.113,3.268,experiment,related,131,nonNat,4.857,21,219,het mannetje,0.155,1.123,0.466,0.0,101
,,Nat_305_control,0,ontbijt,boterham,3.347,2.76,2.896,experiment,control,305,Nat,4.005,55,155,,0.136,0.658,0.451,,102
Is het hip om geld in een sok te bewaren?,de bank,Nat_148_related,1,,,3.678,3.339,3.487,experiment,related,148,Nat,4.054,11,119,het matras,0.148,0.376,0.191,0.0,103
,het balkon,nonNat_159_related,0,,,5.483,4.895,5.09,experiment,related,159,nonNat,6.039,21,219,de bank,0.195,0.556,0.393,,104
Had Marc genoeg tijd ingepland om te studeren voor zijn literatuurtentamen?,de samenvatting,nonNat_120_related,1,,,6.184,5.356,5.464,experiment,related,120,nonNat,9.515,21,219,het verhaal,0.108,3.331,0.72,0.0,105
Gaat de spreker in de zomer graag zwemmen?,het zwembad,Nat_6_unrelated,1,,,3.836,3.175,3.304,experiment,unrelated,6,Nat,4.824,12,129,de badkuip,0.129,0.988,0.532,1.0,106
Was het lekker weer om te gaan picknicken?,het eten,nonNat_102_unrelated,1,,,4.054,3.647,3.787,experiment,unrelated,102,nonNat,4.693,22,229,de pasta,0.14,0.639,0.267,0.0,107
Kwam de trein op tijd aan in Utrecht?,het station,nonNat_136_unrelated,1,,,3.452,2.767,2.901,experiment,unrelated,136,nonNat,4.146,22,229,de noordzijde,0.134,0.694,0.551,0.0,108
,de pet,Nat_97_related,0,,,3.192,2.887,3.045,experiment,related,97,Nat,3.543,11,119,het hoofd,0.158,0.351,0.147,,109
,het geld,nonNat_156_related,0,,,5.335,4.873,5.042,experiment,related,156,nonNat,5.808,21,219,de briefjes,0.169,0.473,0.293,,110
,,Nat_309_control,0,kinderen,bed,4.494,3.941,4.075,experiment,control,309,Nat,5.998,55,155,,0.134,1.504,0.419,,111
Staan de boeken die de spreker gelezen heeft op de onderste plank in de kast?,de kast,nonNat_29_related,1,,,3.153,2.668,2.903,experiment,related,29,nonNat,3.871,21,219,het bureau,0.235,0.718,0.25,1.0,112
,,nonNat_358_control,0,jaren,woningnood,2.978,2.391,2.636,experiment,control,358,nonNat,5.016,55,155,,0.245,2.038,0.342,,113
,de schat,nonNat_5_related,0,,,3.761,3.316,3.412,experiment,related,5,nonNat,4.7,21,219,het pakketje,0.096,0.939,0.349,,114
,de fiets,Nat_4_unrelated,0,,,2.7,2.138,2.362,experiment,unrelated,4,Nat,4.125,12,129,het paard,0.224,1.425,0.338,,115
,het hart,nonNat_87_unrelated,0,,,7.653,7.026,7.195,experiment,unrelated,87,nonNat,9.385,22,229,de neus,0.169,1.732,0.458,,116
,,Nat_303_control,0,studenten,studie,1.034,0.179,0.311,experiment,control,303,Nat,4.896,55,155,,0.132,3.862,0.723,,117
,de wolf,nonNat_79_unrelated,0,,,4.894,4.508,4.711,experiment,unrelated,79,nonNat,5.387,22,229,het dier,0.203,0.493,0.183,,118
,,nonNat_336_control,0,toeristen,land,3.857,2.888,3.308,experiment,control,336,nonNat,6.872,55,155,,0.42,3.015,0.549,,119
Wilden ze zijn afstuderen vieren met champagne?,de champagne,nonNat_126_related,1,,,4.894,4.153,4.24,experiment,related,126,nonNat,6.561,21,219,het feest,0.087,1.667,0.654,0.0,120
,de trein,Nat_143_unrelated,0,,,5.996,5.385,5.538,experiment,unrelated,143,Nat,6.737,12,129,het fietsje,0.153,0.741,0.458,,121
,het krijt,nonNat_83_related,0,,,4.232,3.554,3.769,experiment,related,83,nonNat,6.263,21,219,de schuld,0.215,2.031,0.463,,122
,,Nat_322_control,0,directeur,winstmarge,2.661,1.9,2.007,experiment,control,322,Nat,4.224,55,155,,0.107,1.563,0.654,,123
,de post,nonNat_11_unrelated,0,,,5.754,4.754,5.042,experiment,unrelated,11,nonNat,6.819,22,229,het postbedrijf,0.288,1.065,0.712,,124
Werd het bestek in de onderste lade bewaard?,het bestek,Nat_151_related,1,,,3.292,2.775,2.925,experiment,related,151,Nat,4.216,11,119,de glazen,0.15,0.924,0.367,0.0,125
,,Nat_315_control,0,ruimtemissies,jaar,2.069,1.344,1.479,experiment,control,315,Nat,6.144,55,155,,0.135,4.075,0.59,,126
Maakte de toneelgroep na afloop van de voorstelling een buiging?,het publiek,nonNat_38_unrelated,1,,,5.027,4.536,4.64,experiment,unrelated,38,nonNat,5.656,22,229,de mensen,0.104,0.629,0.387,1.0,127
Is er een muizenplaag in het studentenhuis?,de muizen,nonNat_49_unrelated,1,,,3.404,2.763,2.935,experiment,unrelated,49,nonNat,3.906,22,229,het knaagdier,0.172,0.502,0.469,1.0,128
,,nonNat_351_control,0,vrijwilliger,Nederland,1.445,0.246,0.6,experiment,control,351,nonNat,5.252,55,155,,0.354,3.807,0.845,,129
,,nonNat_353_control,0,baan,landen,2.405,1.92,2.031,experiment,control,353,nonNat,4.397,55,155,,0.111,1.992,0.374,,130
Is de student vroeg naar bed gegaan voor zijn tentamen de volgende morgen?,het tentamen,nonNat_118_unrelated,1,,,3.072,2.337,2.496,experiment,unrelated,118,nonNat,4.33,22,229,de opdracht,0.159,1.258,0.576,0.0,131
,,nonNat_337_control,0,film,personages,5.353,4.52,4.735,experiment,control,337,nonNat,8.055,55,155,,0.215,2.702,0.618,,132
í,,Nat_323_control,0,krant,uitbraak,1.595,1.159,1.305,experiment,control,323,Nat,4.48,55,155,,0.146,2.885,0.29,,133
Was de spreker ziek?,de dokter,nonNat_13_related,1,,,4.615,3.949,4.225,experiment,related,13,nonNat,5.81,21,219,het ziekenhuis,0.276,1.195,0.39,1.0,134
Was het rustig op de weg naar Zandvoort?,het strand,Nat_144_related,1,,,4.769,4.333,4.419,experiment,related,144,Nat,5.376,11,119,de zee,0.086,0.607,0.35,0.0,135
Was Aafke nog op het schooplein toen de bel ging?,de bel,Nat_67_related,1,,,3.262,2.855,2.991,experiment,related,67,Nat,3.809,11,119,het groepje,0.136,0.547,0.271,1.0,136
,de wereld,nonNat_132_related,0,,,3.409,2.754,2.892,experiment,related,132,nonNat,6.055,21,219,het paradijs,0.138,2.646,0.517,,137
,,Nat_328_control,0,documenten,kwijtraakt,3.277,2.806,2.934,experiment,control,328,Nat,5.552,55,155,,0.128,2.275,0.343,,138
Heeft de werknemer zijn contract getekend voordat er onderhandeld werd?,het contract,nonNat_111_unrelated,1,,,3.895,3.285,3.508,experiment,unrelated,111,nonNat,5.26,22,229,de brief,0.223,1.365,0.387,0.0,139
,de pot,Nat_122_related,0,,,3.95,3.501,3.687,experiment,related,122,Nat,4.929,11,119,het toilet,0.186,0.979,0.263,,140
,de naald,nonNat_107_unrelated,0,,,4.251,3.679,3.861,experiment,unrelated,107,nonNat,6.528,22,229,het huis,0.182,2.277,0.39,,141
,,nonNat_349_control,0,horeca,leeftijdsgrens,0.77,0.065,0.152,experiment,control,349,nonNat,6.469,55,155,,0.087,5.699,0.618,,142
,het ontbijt,nonNat_28_related,0,,,4.628,3.995,4.238,experiment,related,28,nonNat,5.213,21,219,de brunch,0.243,0.585,0.39,,143
,,nonNat_344_control,0,lezen,saai,3.06,2.309,2.766,experiment,control,344,nonNat,3.692,55,155,,0.457,0.632,0.294,,144
,het vak,nonNat_142_unrelated,0,,,5.484,4.637,4.728,experiment,unrelated,142,nonNat,7.808,22,229,de lesomgeving,0.091,2.324,0.756,,145
,de airco,Nat_90_unrelated,0,,,3.899,3.322,3.502,experiment,unrelated,90,Nat,4.302,12,129,het ventiel,0.18,0.403,0.397,,146
,,nonNat_356_control,0,Nederland,psychologie,1.979,1.149,1.344,experiment,control,356,nonNat,4.958,55,155,,0.195,2.979,0.635,,147
,het woordenboek,Nat_62_unrelated,0,,,4.243,3.189,3.323,experiment,unrelated,62,Nat,5.68,12,129,de encyclopedie,0.134,1.437,0.92,,148
,,nonNat_343_control,0,introductie,literatuur,4.267,3.678,3.938,experiment,control,343,nonNat,5.262,55,155,,0.26,0.995,0.329,,149
Lijkt Sam erg op zijn moeder?,de boom,Nat_125_unrelated,1,,,4.548,3.981,4.209,experiment,unrelated,125,Nat,5.402,12,129,het plantje,0.228,0.854,0.339,0.0,150
,de kapstok,Nat_57_unrelated,0,,,2.492,1.968,2.117,experiment,unrelated,57,Nat,2.957,12,129,het haakje,0.149,0.465,0.375,,151
,de gordijnen,nonNat_46_unrelated,0,,,4.364,3.946,4.123,experiment,unrelated,46,nonNat,4.847,22,229,het luik,0.177,0.483,0.241,,152
,,Nat_329_control,0,instapkaart,print,3.979,3.353,3.487,experiment,control,329,Nat,5.104,55,155,,0.134,1.125,0.492,,153
,,Nat_324_control,0,hulpverleners,mijn,3.468,2.747,2.823,experiment,control,324,Nat,6.08,55,155,,0.076,2.612,0.645,,154
,het balkon,nonNat_109_unrelated,0,,,6.154,5.22,5.362,experiment,unrelated,109,nonNat,9.025,22,229,de balustrade,0.142,2.871,0.792,,155
Was er te weinig licht om te lezen in de kamer?,het licht,Nat_32_unrelated,1,,,3.325,2.916,3.025,experiment,unrelated,32,Nat,3.923,12,129,de lamp,0.109,0.598,0.3,1.0,156
,het zeil,Nat_137_unrelated,0,,,4.3,3.884,3.991,experiment,unrelated,137,Nat,4.938,12,129,de smiezen,0.107,0.638,0.309,,157
,,nonNat_339_control,0,mensen,verstand,2.66,2.062,2.259,experiment,control,339,nonNat,5.492,55,155,,0.197,2.832,0.401,,158
Heeft de spreker het over een poster van zijn lievelingsband?,de muur,nonNat_58_unrelated,1,,,4.854,4.117,4.312,experiment,unrelated,58,nonNat,6.351,22,229,het plafond,0.195,1.497,0.542,1.0,159
,de thee,Nat_7_unrelated,0,,,5.624,5.084,5.21,experiment,unrelated,7,Nat,6.352,12,129,het drankje,0.126,0.728,0.414,,160
,de hoek,nonNat_84_unrelated,0,,,7.371,6.526,6.746,experiment,unrelated,84,nonNat,8.61,22,229,het kamertje,0.22,1.239,0.625,,161
,het aanrecht,nonNat_77_related,0,,,3.893,3.231,3.406,experiment,related,77,nonNat,4.301,21,219,de tafel,0.175,0.408,0.487,,162
Ging de zin over een fietstocht door de Alpen?,de berg,Nat_104_related,1,,,2.527,2.052,2.218,experiment,related,104,Nat,3.754,11,119,het pad,0.166,1.227,0.309,0.0,163
Gaat de spreker wel eens op vakantie?,het vliegtuig,Nat_51_related,1,,,3.622,2.904,3.111,experiment,related,51,Nat,4.628,11,119,de auto,0.207,1.006,0.511,1.0,164
,,nonNat_360_control,0,onvoldoende,Engels,3.656,2.965,3.153,experiment,control,360,nonNat,4.996,55,155,,0.188,1.34,0.503,,165
,de zon,Nat_121_unrelated,0,,,2.83,2.335,2.523,experiment,unrelated,121,Nat,4.113,12,129,het zand,0.188,1.283,0.307,,166
Leest de vader van de spreker graag de krant op werkdagen?,de krant,Nat_161_unrelated,1,,,2.6,2.012,2.144,experiment,unrelated,161,Nat,3.36,12,129,het magazine,0.132,0.76,0.456,0.0,167
,,Nat_306_control,0,kast,nachtkastje,0.44,0.016,0.183,experiment,control,306,Nat,5.032,55,155,,0.167,4.592,0.257,,168
Verspreidt de koude lucht zich vanuit Rusland?,het land,nonNat_160_related,1,,,4.485,4.103,4.223,experiment,related,160,nonNat,5.048,21,219,de provincies,0.12,0.563,0.262,0.0,169
,,nonNat_348_control,0,aanwijzingen,gelukkiger,2.715,1.777,2.02,experiment,control,348,nonNat,5.731,55,155,,0.243,3.016,0.695,,170
,het schoolplein,nonNat_27_related,0,,,3.495,2.82,2.908,experiment,related,27,nonNat,4.517,21,219,de stoep,0.088,1.022,0.587,,171
Ging de zin over vleesproducten?,de koelkast,nonNat_150_unrelated,1,,,3.513,2.656,2.85,experiment,unrelated,150,nonNat,5.394,22,229,het vriesvak,0.194,1.881,0.663,0.0,172
Nemen ze een parasol mee als het mooi weer is?,het strand,nonNat_24_related,1,,,3.624,3.019,3.167,experiment,related,24,nonNat,4.736,21,219,de rivier,0.148,1.112,0.457,1.0,173
,,Nat_320_control,0,uitvinding,mensheid,2.055,1.427,1.527,experiment,control,320,Nat,3.843,55,155,,0.1,1.788,0.528,,174
Heb je de bus gehaald?,de auto,Nat_146_unrelated,1,,,3.001,2.233,2.386,experiment,unrelated,146,Nat,3.554,12,129,het taxibedrijf,0.153,0.553,0.615,0.0,175
,,nonNat_354_control,0,buiten,weer,2.252,1.658,1.771,experiment,control,354,nonNat,3.677,55,155,,0.113,1.425,0.481,,176
,de tuinman,Nat_106_unrelated,0,,,4.871,4.344,4.479,experiment,unrelated,106,Nat,5.987,12,129,het hulpje,0.135,1.116,0.392,,177
Komt Zwarte Piet door het raam naar binnen?,de schoorsteen,Nat_155_related,1,,,4.613,3.932,4.033,experiment,related,155,Nat,6.528,11,119,het gangpad,0.101,1.915,0.58,0.0,178
,de kerk,nonNat_98_related,0,,,3.433,2.912,3.087,experiment,related,98,nonNat,4.212,21,219,het kapelletje,0.175,0.779,0.346,,179
